{"type":"FeatureCollection","features":[{"type":"Feature","properties":{"ISO2":"AL","NAME":"Albania"},"geometry":{"type":"Polygon","coordinates":[[[19.436,41.021],[19.514,41.256],[19.442,41.407],[19.585,41.606],[19.6,41.804],[19.368,41.849],[19.4,42.105],[19.282,42.186],[19.723,42.662],[19.794,42.484],[20.071,42.561],[20.169,42.507],[20.245,42.329],[20.526,42.212],[20.624,41.963],[20.458,41.526],[20.562,41.408],[20.496,41.321],[20.734,40.912],[20.984,40.894],[21.043,40.566],[20.946,40.467],[20.792,40.432],[20.672,40.098],[20.316,39.993],[20.415,39.837],[20.381,39.787],[20.291,39.807],[20.315,39.724],[20.218,39.646],[19.991,39.686],[19.988,39.867],[19.863,40.04],[19.453,40.225],[19.289,40.417],[19.344,40.431],[19.419,40.327],[19.479,40.35],[19.456,40.561],[19.307,40.645],[19.413,40.866],[19.521,40.908],[19.436,41.021]]]}},{"type":"Feature","properties":{"ISO2":"AT","NAME":"Austria"},"geometry":{"type":"Polygon","coordinates":[[[13.834,48.774],[14.184,48.596],[14.609,48.629],[14.7,48.581],[14.812,48.781],[14.959,48.795],[15.026,49.019],[15.365,48.984],[16.103,48.75],[16.645,48.791],[16.919,48.703],[16.943,48.573],[16.842,48.365],[17.166,48.012],[17.061,47.877],[17.054,47.709],[16.762,47.685],[16.561,47.757],[16.427,47.671],[16.645,47.632],[16.714,47.544],[16.592,47.425],[16.452,47.415],[16.492,47.28],[16.421,47.209],[16.511,47.007],[16.303,47.011],[15.986,46.831],[15.988,46.751],[14.871,46.616],[14.812,46.51],[14.545,46.407],[12.441,46.691],[12.16,46.928],[12.127,47.01],[12.231,47.072],[12.189,47.095],[11.756,46.977],[11.484,47.014],[11.171,46.967],[11.015,46.772],[10.679,46.875],[10.498,46.855],[10.391,47.004],[10.109,46.85],[9.879,46.939],[9.876,47.022],[9.599,47.064],[9.634,47.131],[9.534,47.275],[9.673,47.399],[9.567,47.54],[9.729,47.535],[9.782,47.594],[10.231,47.381],[10.173,47.275],[10.337,47.312],[10.473,47.436],[10.427,47.577],[10.478,47.592],[10.909,47.518],[10.974,47.401],[11.096,47.396],[11.683,47.585],[12.736,47.684],[12.829,47.622],[12.81,47.552],[13.017,47.47],[13.1,47.645],[13.034,47.722],[12.912,47.721],[13.009,47.854],[12.758,48.124],[13.395,48.366],[13.442,48.566],[13.726,48.516],[13.823,48.617],[13.834,48.774]]]}},{"type":"Feature","properties":{"ISO2":"BA","NAME":"Bosnia and Herzegovina"},"geometry":{"type":"Polygon","coordinates":[[[17.65,42.889],[17.579,42.944],[17.684,42.967],[17.65,43.055],[17.298,43.281],[17.262,43.46],[16.976,43.586],[16.537,44.014],[16.355,44.082],[16.265,44.189],[16.143,44.199],[16.198,44.354],[16.126,44.499],[15.957,44.7],[15.737,44.812],[15.823,45.205],[16.023,45.215],[16.292,44.999],[16.526,45.224],[16.824,45.187],[16.914,45.266],[17.177,45.149],[17.69,45.123],[17.852,45.049],[18.197,45.082],[18.252,45.139],[18.634,45.083],[18.794,44.997],[18.768,44.916],[18.861,44.859],[19.177,44.924],[19.371,44.889],[19.314,44.705],[19.123,44.515],[19.104,44.356],[19.62,44.052],[19.525,43.959],[19.237,44.011],[19.487,43.763],[19.481,43.571],[18.952,43.512],[19.094,43.309],[19.072,43.248],[18.914,43.358],[18.7,43.256],[18.65,43.044],[18.481,42.964],[18.456,42.826],[18.577,42.655],[18.456,42.566],[17.797,42.904],[17.65,42.889]]]}},{"type":"Feature","properties":{"ISO2":"BE","NAME":"Belgium"},"geometry":{"type":"Polygon","coordinates":[[[4.302,51.263],[4.252,51.375],[4.428,51.362],[4.394,51.45],[4.482,51.479],[4.651,51.423],[4.788,51.503],[4.93,51.399],[5.036,51.487],[5.239,51.262],[5.511,51.294],[5.568,51.221],[5.855,51.151],[5.641,50.863],[5.692,50.761],[6.012,50.757],[6.269,50.624],[6.265,50.498],[6.344,50.484],[6.398,50.323],[6.173,50.232],[6.134,50.128],[5.97,50.169],[5.771,49.952],[5.734,49.835],[5.899,49.663],[5.863,49.572],[5.478,49.504],[5.331,49.657],[4.997,49.802],[4.873,49.797],[4.821,49.993],[4.895,50.14],[4.833,50.169],[4.697,50.091],[4.674,49.996],[4.511,49.947],[4.149,49.978],[4.165,50.283],[4.038,50.356],[3.775,50.354],[3.608,50.496],[3.299,50.523],[3.15,50.79],[2.898,50.703],[2.651,50.816],[2.542,51.091],[3.371,51.374],[3.381,51.274],[3.452,51.242],[3.608,51.304],[3.904,51.206],[4.239,51.35],[4.302,51.263]]]}},{"type":"Feature","properties":{"ISO2":"BG","NAME":"Bulgaria"},"geometry":{"type":"Polygon","coordinates":[[[27.879,42.841],[27.897,42.703],[27.729,42.71],[27.448,42.47],[27.704,42.4],[27.76,42.246],[28.013,41.982],[27.83,42.001],[27.567,41.908],[27.233,42.11],[27.031,42.081],[26.962,42.003],[26.621,41.973],[26.542,41.828],[26.375,41.819],[26.361,41.711],[26.074,41.712],[26.184,41.537],[26.14,41.355],[25.568,41.322],[25.28,41.243],[25.061,41.363],[24.899,41.412],[24.809,41.352],[24.466,41.552],[24.264,41.571],[24.093,41.55],[23.979,41.441],[23.636,41.378],[23.295,41.406],[23.181,41.323],[22.936,41.342],[23.015,41.762],[22.829,42.027],[22.521,42.149],[22.365,42.324],[22.558,42.479],[22.447,42.599],[22.442,42.822],[22.746,42.894],[23.005,43.193],[22.767,43.386],[22.543,43.472],[22.367,43.827],[22.417,44.007],[22.553,44.064],[22.681,44.225],[23.044,44.076],[22.843,43.905],[22.967,43.817],[23.418,43.856],[24.18,43.685],[24.529,43.761],[25.396,43.623],[25.772,43.706],[26.129,43.979],[26.302,44.031],[26.913,44.136],[27.273,44.132],[27.4,44.022],[27.656,44.042],[27.747,43.959],[27.928,44.003],[28.002,43.854],[28.182,43.785],[28.583,43.748],[28.606,43.536],[28.554,43.448],[28.453,43.385],[28.3,43.422],[28.093,43.37],[27.889,43.041],[27.879,42.841]]]}},{"type":"Feature","properties":{"ISO2":"BY","NAME":"Belarus"},"geometry":{"type":"Polygon","coordinates":[[[26.613,55.675],[26.85,55.711],[26.99,55.835],[27.599,55.792],[27.647,55.924],[27.929,56.113],[28.125,56.168],[28.312,56.05],[28.646,56.094],[28.754,55.954],[29.059,56.033],[29.412,55.958],[29.464,55.911],[29.359,55.789],[29.494,55.689],[29.946,55.854],[30.49,55.8],[30.757,55.597],[30.926,55.603],[30.939,55.399],[30.814,55.293],[31.03,55.043],[30.839,54.922],[30.781,54.794],[31.103,54.646],[31.145,54.582],[31.084,54.499],[31.232,54.457],[31.332,54.237],[31.844,54.064],[31.857,53.97],[31.764,53.803],[32.12,53.82],[32.48,53.714],[32.504,53.672],[32.415,53.646],[32.439,53.578],[32.738,53.466],[32.724,53.36],[32.137,53.089],[31.805,53.124],[31.776,53.194],[31.63,53.217],[31.405,53.196],[31.386,53.099],[31.266,53.022],[31.581,52.803],[31.595,52.738],[31.5,52.69],[31.591,52.59],[31.63,52.371],[31.587,52.319],[31.784,52.108],[30.943,52.074],[30.959,52.001],[30.665,51.827],[30.565,51.643],[30.644,51.333],[30.551,51.252],[30.176,51.492],[29.766,51.441],[29.67,51.499],[29.339,51.373],[29.118,51.637],[28.829,51.546],[28.752,51.411],[28.661,51.452],[28.627,51.566],[28.319,51.589],[28.259,51.661],[28.088,51.565],[27.851,51.62],[27.747,51.466],[27.68,51.494],[27.712,51.597],[27.279,51.598],[27.197,51.759],[26.92,51.751],[25.776,51.939],[25.179,51.96],[24.397,51.887],[24.279,51.738],[24.043,51.61],[23.667,51.641],[23.609,51.608],[23.646,51.521],[23.564,51.539],[23.535,51.654],[23.639,52.079],[23.165,52.282],[23.397,52.514],[23.754,52.616],[23.941,52.75],[23.933,53.014],[23.504,53.947],[24.176,53.967],[24.387,53.889],[24.612,53.992],[24.821,53.977],[24.84,54.142],[25.072,54.135],[25.472,54.306],[25.577,54.24],[25.506,54.187],[25.534,54.147],[25.785,54.161],[25.808,54.248],[25.717,54.329],[25.547,54.333],[25.649,54.517],[25.764,54.579],[25.727,54.683],[25.789,54.87],[25.912,54.954],[26.161,54.977],[26.284,55.148],[26.521,55.148],[26.82,55.281],[26.456,55.341],[26.627,55.593],[26.613,55.675]]]}},{"type":"Feature","properties":{"ISO2":"CH","NAME":"Switzerland"},"geometry":{"type":"Polygon","coordinates":[[[7.697,47.543],[8.087,47.561],[8.199,47.622],[8.576,47.591],[8.621,47.661],[8.476,47.647],[8.407,47.704],[8.566,47.807],[8.735,47.761],[8.72,47.697],[8.8,47.682],[8.809,47.736],[8.893,47.651],[9.261,47.663],[9.654,47.456],[9.67,47.388],[9.491,47.215],[9.475,47.057],[9.876,47.022],[9.879,46.939],[10.109,46.85],[10.401,47.001],[10.489,46.934],[10.476,46.562],[10.306,46.554],[10.233,46.64],[10.119,46.611],[10.045,46.449],[10.154,46.39],[10.177,46.272],[10.079,46.221],[9.95,46.379],[9.582,46.297],[9.459,46.385],[9.455,46.472],[9.289,46.5],[9.25,46.448],[9.292,46.323],[9.036,46.057],[8.997,45.973],[9.086,45.899],[8.998,45.829],[8.813,45.989],[8.826,46.097],[8.618,46.12],[8.446,46.246],[8.436,46.463],[8.303,46.422],[8.14,46.226],[8.149,46.149],[7.856,45.919],[7.537,45.982],[7.099,45.884],[6.784,46.148],[6.803,46.428],[6.634,46.464],[6.296,46.394],[6.226,46.322],[6.246,46.218],[5.996,46.147],[5.968,46.212],[6.117,46.261],[6.159,46.37],[6.071,46.426],[6.13,46.593],[6.435,46.758],[6.528,46.972],[6.972,47.292],[7.001,47.365],[6.88,47.36],[6.991,47.497],[7.146,47.499],[7.247,47.421],[7.416,47.445],[7.557,47.581],[7.674,47.606],[7.621,47.561],[7.697,47.543]],[[8.71,47.697],[8.71,47.707],[8.708,47.711],[8.705,47.713],[8.699,47.714],[8.675,47.712],[8.671,47.711],[8.67,47.707],[8.673,47.702],[8.676,47.697],[8.679,47.693],[8.71,47.697]]]}},{"type":"Feature","properties":{"ISO2":"CY","NAME":"Cyprus"},"geometry":{"type":"Polygon","coordinates":[[[33.653,35.354],[34.59,35.69],[33.921,35.273],[33.902,35.162],[34.083,34.959],[33.677,34.966],[33.607,34.82],[33.06,34.679],[33.031,34.563],[32.942,34.563],[32.859,34.666],[32.698,34.642],[32.404,34.751],[32.274,35.044],[32.282,35.097],[32.428,35.045],[32.549,35.174],[32.883,35.162],[32.921,35.393],[33.369,35.329],[33.653,35.354]]]}},{"type":"Feature","properties":{"ISO2":"CZ","NAME":"Czechia"},"geometry":{"type":"Polygon","coordinates":[[[14.7,48.581],[14.609,48.629],[14.184,48.596],[13.816,48.778],[13.626,48.953],[13.403,49.006],[12.967,49.332],[12.786,49.344],[12.456,49.696],[12.544,49.918],[12.206,50.106],[12.094,50.323],[12.323,50.207],[12.519,50.394],[12.819,50.454],[12.986,50.418],[13.251,50.59],[13.464,50.6],[13.582,50.709],[14.311,50.882],[14.368,50.935],[14.256,50.988],[14.31,51.054],[14.569,51.006],[14.619,50.857],[14.767,50.818],[15.005,50.867],[15.011,50.984],[15.177,51.015],[15.295,50.954],[15.38,50.779],[15.787,50.744],[16.024,50.63],[16.37,50.644],[16.448,50.573],[16.203,50.429],[16.441,50.317],[16.638,50.109],[17.002,50.217],[16.89,50.439],[17.433,50.27],[17.723,50.32],[17.762,50.206],[17.598,50.158],[17.836,49.991],[18.053,50.056],[18.577,49.914],[18.634,49.738],[18.81,49.674],[18.839,49.595],[18.851,49.517],[18.562,49.494],[18.379,49.33],[18.213,49.288],[18.122,49.083],[17.758,48.877],[17.404,48.823],[17.188,48.869],[16.946,48.619],[16.885,48.729],[16.544,48.812],[16.376,48.734],[16.103,48.75],[15.365,48.984],[15.026,49.019],[14.959,48.795],[14.812,48.781],[14.7,48.581]]]}},{"type":"Feature","properties":{"ISO2":"DE","NAME":"Germany"},"geometry":{"type":"MultiPolygon","coordinates":[[[[8.71,47.697],[8.679,47.693],[8.676,47.697],[8.673,47.702],[8.67,47.708],[8.671,47.711],[8.675,47.712],[8.699,47.714],[8.705,47.713],[8.708,47.711],[8.71,47.707],[8.71,47.697]]],[[[6.806,53.602],[6.805,53.601],[6.799,53.601],[6.797,53.602],[6.775,53.602],[6.753,53.598],[6.749,53.597],[6.726,53.587],[6.723,53.585],[6.727,53.581],[6.747,53.56],[6.691,53.567],[6.673,53.571],[6.664,53.576],[6.66,53.58],[6.658,53.586],[6.659,53.593],[6.661,53.599],[6.663,53.601],[6.669,53.604],[6.747,53.619],[6.759,53.619],[6.772,53.617],[6.804,53.604],[6.806,53.602]]],[[[6.939,53.669],[6.876,53.67],[7.088,53.684],[6.939,53.669]]],[[[7.242,53.704],[7.136,53.706],[7.347,53.721],[7.242,53.704]]],[[[8.191,53.725],[8.124,53.709],[8.121,53.71],[8.12,53.713],[8.125,53.724],[8.129,53.728],[8.135,53.731],[8.143,53.734],[8.156,53.736],[8.173,53.735],[8.182,53.733],[8.188,53.73],[8.193,53.726],[8.191,53.725]]],[[[7.622,53.754],[7.629,53.744],[7.629,53.742],[7.622,53.744],[7.608,53.747],[7.587,53.749],[7.575,53.749],[7.518,53.746],[7.514,53.745],[7.511,53.743],[7.478,53.722],[7.474,53.723],[7.469,53.727],[7.468,53.733],[7.469,53.74],[7.472,53.749],[7.479,53.755],[7.486,53.758],[7.516,53.76],[7.576,53.761],[7.61,53.761],[7.615,53.76],[7.618,53.759],[7.622,53.754]]],[[[7.759,53.761],[7.664,53.762],[7.813,53.776],[7.759,53.761]]],[[[8.425,53.928],[8.422,53.926],[8.413,53.928],[8.407,53.948],[8.408,53.951],[8.412,53.956],[8.423,53.963],[8.431,53.965],[8.441,53.966],[8.455,53.963],[8.457,53.961],[8.425,53.928]]],[[[11.459,53.961],[11.374,53.989],[11.489,54.023],[11.459,53.961]]],[[[13.94,54.025],[13.931,54.016],[13.926,54.018],[13.927,54.021],[13.934,54.028],[13.939,54.027],[13.94,54.025]]],[[[8.696,54.041],[8.692,54.04],[8.682,54.041],[8.677,54.045],[8.673,54.049],[8.666,54.064],[8.668,54.073],[8.669,54.076],[8.671,54.078],[8.678,54.081],[8.691,54.084],[8.693,54.082],[8.7,54.059],[8.697,54.044],[8.696,54.041]]],[[[11.544,54.061],[11.511,54.049],[11.511,54.052],[11.515,54.061],[11.529,54.077],[11.536,54.082],[11.556,54.095],[11.559,54.096],[11.612,54.105],[11.568,54.075],[11.544,54.061]]],[[[14.001,54.065],[14.226,53.929],[14.219,53.869],[13.823,53.854],[14.056,53.985],[13.93,54.063],[13.857,54.0],[13.759,54.16],[14.001,54.065]]],[[[10.979,54.381],[10.995,54.382],[11.018,54.38],[11.017,54.379],[11.013,54.377],[11.003,54.377],[10.986,54.378],[10.979,54.381]]],[[[12.73,54.417],[12.689,54.416],[12.686,54.418],[12.697,54.425],[12.703,54.428],[12.707,54.428],[12.727,54.423],[12.732,54.419],[12.73,54.417]]],[[[8.893,54.462],[8.815,54.501],[8.961,54.519],[8.893,54.462]]],[[[11.313,54.407],[11.006,54.462],[11.065,54.534],[11.184,54.52],[11.313,54.407]]],[[[8.663,54.494],[8.591,54.528],[8.711,54.552],[8.663,54.494]]],[[[13.074,54.489],[13.063,54.465],[13.061,54.469],[13.06,54.476],[13.061,54.486],[13.064,54.5],[13.097,54.591],[13.104,54.597],[13.11,54.6],[13.117,54.603],[13.137,54.604],[13.147,54.604],[13.151,54.603],[13.154,54.601],[13.155,54.598],[13.158,54.584],[13.158,54.581],[13.111,54.534],[13.109,54.531],[13.074,54.489]]],[[[13.383,54.639],[13.433,54.578],[13.677,54.565],[13.578,54.454],[13.714,54.378],[13.731,54.276],[13.689,54.348],[13.508,54.343],[13.357,54.273],[13.422,54.259],[13.393,54.221],[13.118,54.334],[13.268,54.383],[13.165,54.434],[13.232,54.486],[13.147,54.546],[13.367,54.58],[13.503,54.493],[13.503,54.55],[13.375,54.61],[13.245,54.559],[13.245,54.657],[13.443,54.676],[13.383,54.639]]],[[[8.364,54.613],[8.294,54.667],[8.354,54.712],[8.364,54.613]]],[[[8.568,54.685],[8.397,54.714],[8.551,54.754],[8.568,54.685]]],[[[10.979,54.381],[11.074,54.376],[11.093,54.197],[10.758,54.052],[10.884,53.983],[10.819,53.89],[11.095,54.014],[11.413,53.92],[11.676,54.15],[12.13,54.191],[12.527,54.474],[12.924,54.427],[12.466,54.396],[12.37,54.265],[12.453,54.249],[12.427,54.292],[12.582,54.368],[13.024,54.4],[13.118,54.275],[13.282,54.237],[13.456,54.096],[13.718,54.17],[13.867,53.905],[13.813,53.845],[14.276,53.699],[14.413,53.339],[14.392,53.144],[14.342,53.045],[14.149,52.963],[14.149,52.863],[14.64,52.572],[14.534,52.395],[14.582,52.286],[14.711,52.244],[14.761,52.07],[14.599,51.819],[14.755,51.67],[14.736,51.528],[14.976,51.441],[15.039,51.272],[14.965,51.051],[14.802,50.819],[14.619,50.858],[14.569,51.006],[14.31,51.054],[14.256,50.988],[14.368,50.935],[14.311,50.882],[13.582,50.709],[13.464,50.6],[13.251,50.59],[12.986,50.418],[12.819,50.454],[12.519,50.394],[12.323,50.207],[12.094,50.323],[12.206,50.106],[12.544,49.918],[12.456,49.696],[12.674,49.425],[12.796,49.34],[12.967,49.332],[13.403,49.006],[13.741,48.882],[13.834,48.774],[13.823,48.617],[13.726,48.516],[13.442,48.566],[13.395,48.366],[12.758,48.124],[13.009,47.854],[12.912,47.721],[13.034,47.722],[13.1,47.645],[13.012,47.469],[12.81,47.552],[12.829,47.622],[12.736,47.684],[11.683,47.585],[11.096,47.396],[10.974,47.401],[10.909,47.518],[10.478,47.592],[10.427,47.577],[10.473,47.436],[10.337,47.312],[10.173,47.275],[10.231,47.381],[9.814,47.594],[9.607,47.53],[9.261,47.663],[8.893,47.651],[8.809,47.736],[8.8,47.682],[8.72,47.697],[8.735,47.761],[8.566,47.807],[8.407,47.704],[8.476,47.647],[8.621,47.661],[8.576,47.591],[8.52,47.634],[8.436,47.574],[8.199,47.622],[8.087,47.561],[7.621,47.561],[7.677,47.604],[7.588,47.584],[7.511,47.703],[7.624,47.977],[7.579,48.12],[7.751,48.337],[7.802,48.576],[8.226,48.964],[7.939,49.049],[7.652,49.045],[7.424,49.177],[7.288,49.111],[7.091,49.127],[6.931,49.221],[6.731,49.166],[6.541,49.426],[6.362,49.459],[6.524,49.809],[6.255,49.881],[6.113,50.059],[6.173,50.232],[6.398,50.323],[6.374,50.443],[6.265,50.498],[6.269,50.624],[6.012,50.757],[6.08,50.916],[6.026,50.978],[5.892,50.973],[5.864,51.044],[6.098,51.131],[6.076,51.24],[6.223,51.365],[6.207,51.51],[5.952,51.748],[5.963,51.808],[6.124,51.888],[6.351,51.848],[6.746,51.906],[6.831,51.971],[6.729,52.035],[6.759,52.115],[7.053,52.238],[7.066,52.386],[6.991,52.46],[6.764,52.459],[6.689,52.549],[6.759,52.565],[6.719,52.627],[6.768,52.652],[7.052,52.644],[7.07,52.815],[7.21,53.002],[7.208,53.243],[7.256,53.318],[7.364,53.299],[7.019,53.372],[7.088,53.583],[7.227,53.665],[8.008,53.71],[8.166,53.55],[8.061,53.501],[8.098,53.444],[8.289,53.422],[8.32,53.515],[8.233,53.519],[8.243,53.586],[8.341,53.614],[8.494,53.555],[8.503,53.354],[8.498,53.472],[8.568,53.533],[8.483,53.69],[8.58,53.859],[8.681,53.895],[8.853,53.83],[9.28,53.858],[9.573,53.591],[9.832,53.536],[9.561,53.622],[9.328,53.857],[8.9,53.941],[8.836,54.031],[8.979,54.019],[9.017,54.085],[8.825,54.155],[8.884,54.294],[8.669,54.267],[8.599,54.334],[8.639,54.397],[8.856,54.406],[9.019,54.493],[8.581,54.868],[8.303,54.86],[8.288,54.737],[8.291,54.895],[8.393,55.053],[8.463,55.048],[8.353,54.951],[8.457,54.901],[8.92,54.908],[9.254,54.809],[9.917,54.791],[10.037,54.671],[10.033,54.555],[9.87,54.454],[10.127,54.49],[10.707,54.307],[10.979,54.381]]]]}},{"type":"Feature","properties":{"ISO2":"DK","NAME":"Denmark"},"geometry":{"type":"MultiPolygon","coordinates":[[[[11.514,54.83],[11.657,54.904],[11.849,54.766],[11.856,54.683],[11.456,54.619],[10.99,54.791],[11.032,54.915],[11.164,54.957],[11.514,54.83]]],[[[12.038,54.892],[12.169,54.839],[11.97,54.699],[11.964,54.562],[11.709,54.937],[12.038,54.892]]],[[[10.433,54.842],[10.407,54.821],[10.399,54.824],[10.248,54.904],[10.243,54.908],[10.191,54.958],[10.186,54.968],[10.184,54.974],[10.189,54.978],[10.286,54.936],[10.307,54.927],[10.441,54.864],[10.433,54.842]]],[[[12.557,54.964],[12.116,54.904],[12.312,55.035],[12.557,54.964]]],[[[10.615,54.95],[10.499,55.006],[10.632,55.043],[10.677,54.989],[10.615,54.95]]],[[[9.793,55.075],[9.972,55.009],[10.071,54.875],[9.786,54.906],[9.761,54.981],[9.844,54.942],[9.799,55.011],[9.631,55.049],[9.793,55.075]]],[[[10.757,54.777],[10.675,54.754],[10.682,54.909],[10.949,55.161],[10.757,54.777]]],[[[15.052,54.995],[14.68,55.1],[14.746,55.296],[15.141,55.139],[15.052,54.995]]],[[[8.464,55.334],[8.36,55.458],[8.458,55.426],[8.464,55.334]]],[[[10.745,55.482],[10.835,55.294],[10.783,55.122],[10.498,55.029],[10.153,55.084],[10.119,55.179],[10.006,55.193],[9.811,55.437],[9.676,55.499],[10.31,55.617],[10.485,55.532],[10.416,55.453],[10.479,55.438],[10.606,55.486],[10.619,55.619],[10.745,55.482]]],[[[12.579,55.551],[12.512,55.61],[12.606,55.696],[12.679,55.591],[12.579,55.551]]],[[[10.631,55.866],[10.667,55.893],[10.614,55.763],[10.527,55.766],[10.524,55.981],[10.631,55.866]]],[[[12.567,55.992],[12.516,55.919],[12.6,55.704],[12.191,55.479],[12.431,55.362],[12.462,55.286],[12.015,55.161],[12.181,55.117],[12.172,54.999],[12.072,54.969],[11.731,55.061],[11.798,55.156],[11.731,55.204],[11.247,55.2],[11.089,55.663],[10.874,55.733],[11.211,55.699],[11.506,55.867],[11.492,55.93],[11.273,55.992],[11.764,55.965],[11.67,55.891],[11.671,55.814],[11.794,55.662],[11.914,55.93],[11.999,55.894],[12.057,55.742],[11.936,55.653],[12.057,55.653],[12.094,55.711],[12.04,55.924],[11.859,55.967],[12.291,56.129],[12.619,56.042],[12.567,55.992]]],[[[11.566,56.671],[11.503,56.708],[11.648,56.723],[11.566,56.671]]],[[[8.925,56.919],[8.767,56.692],[8.509,56.736],[8.65,56.889],[8.86,56.955],[8.925,56.919]]],[[[9.974,57.072],[10.312,56.981],[10.268,56.904],[10.305,56.748],[9.866,56.65],[10.339,56.695],[10.364,56.639],[10.188,56.469],[10.309,56.578],[10.53,56.508],[10.787,56.534],[10.961,56.445],[10.921,56.344],[10.745,56.164],[10.611,56.224],[10.546,56.099],[10.353,56.195],[10.508,56.265],[10.401,56.291],[10.216,56.146],[10.28,56.019],[10.189,55.828],[10.094,55.879],[9.866,55.846],[10.049,55.814],[9.993,55.705],[9.55,55.706],[9.819,55.605],[9.588,55.422],[9.711,55.261],[9.689,55.197],[9.459,55.124],[9.508,55.05],[9.727,54.989],[9.737,54.828],[9.621,54.855],[9.613,54.928],[9.343,54.809],[8.941,54.906],[8.686,54.899],[8.676,55.114],[8.496,55.06],[8.457,55.124],[8.506,55.197],[8.689,55.136],[8.624,55.427],[8.44,55.452],[8.307,55.553],[8.257,55.491],[8.087,55.549],[8.186,55.743],[8.127,55.986],[8.186,55.81],[8.397,55.897],[8.255,56.083],[8.137,56.111],[8.108,56.018],[8.165,56.653],[8.221,56.709],[8.25,56.605],[8.728,56.482],[8.764,56.564],[8.681,56.62],[8.952,56.805],[9.076,56.807],[9.152,56.704],[9.059,56.567],[9.274,56.63],[9.251,56.58],[9.322,56.526],[9.376,56.565],[9.304,56.7],[9.166,56.678],[9.178,56.916],[9.309,57.002],[9.974,57.072]]],[[[11.196,57.311],[10.997,57.223],[10.854,57.263],[11.196,57.311]]],[[[10.432,57.592],[10.542,57.23],[10.424,57.157],[10.337,56.992],[10.007,57.09],[9.244,56.996],[9.116,57.053],[8.671,56.945],[8.416,56.678],[8.591,56.686],[8.555,56.582],[8.24,56.707],[8.264,56.833],[8.617,57.122],[9.39,57.151],[9.581,57.241],[9.95,57.584],[10.646,57.736],[10.432,57.592]]]]}},{"type":"Feature","properties":{"ISO2":"EE","NAME":"Estonia"},"geometry":{"type":"MultiPolygon","coordinates":[[[[23.991,58.1],[23.948,58.147],[24.022,58.143],[23.991,58.1]]],[[[22.991,58.598],[23.333,58.442],[23.142,58.444],[22.757,58.24],[22.367,58.22],[22.272,58.179],[22.202,57.986],[21.994,57.923],[21.986,57.976],[22.201,58.145],[21.849,58.279],[21.874,58.34],[22.008,58.353],[21.832,58.505],[22.112,58.492],[22.502,58.602],[22.991,58.598]]],[[[23.365,58.53],[23.058,58.608],[23.247,58.671],[23.347,58.639],[23.365,58.53]]],[[[23.277,58.963],[23.152,58.966],[23.111,59.025],[23.392,58.998],[23.277,58.963]]],[[[22.75,59.0],[22.93,58.982],[23.045,58.836],[22.884,58.833],[22.848,58.774],[22.776,58.819],[22.667,58.705],[22.532,58.689],[22.47,58.704],[22.382,58.887],[22.042,58.94],[22.376,58.952],[22.576,59.069],[22.75,59.0]]],[[[25.78,59.629],[26.651,59.553],[26.981,59.444],[27.848,59.407],[28.016,59.479],[28.181,59.389],[28.144,59.291],[27.913,59.272],[27.788,59.059],[27.423,58.801],[27.542,58.414],[27.474,58.214],[27.673,58.079],[27.687,57.965],[27.821,57.866],[27.546,57.818],[27.348,57.596],[27.372,57.536],[26.898,57.634],[26.539,57.522],[26.299,57.611],[26.035,57.823],[25.623,57.916],[25.295,58.084],[25.247,57.992],[25.124,58.076],[24.315,57.872],[24.556,58.327],[24.336,58.389],[24.246,58.277],[24.111,58.232],[23.771,58.347],[23.631,58.524],[23.501,58.577],[23.529,58.742],[23.875,58.769],[23.483,58.81],[23.431,58.939],[23.638,58.971],[23.56,59.047],[23.612,59.01],[23.407,59.019],[23.482,59.089],[23.471,59.212],[24.027,59.288],[24.037,59.391],[24.212,59.345],[24.351,59.471],[24.723,59.453],[24.777,59.564],[25.392,59.486],[25.491,59.561],[25.476,59.663],[25.656,59.563],[25.715,59.579],[25.684,59.665],[25.78,59.629]]]]}},{"type":"Feature","properties":{"ISO2":"ES","NAME":"Spain"},"geometry":{"type":"MultiPolygon","coordinates":[[[[-2.925,35.267],[-2.937,35.263],[-2.944,35.263],[-2.95,35.265],[-2.959,35.271],[-2.963,35.275],[-2.967,35.284],[-2.971,35.295],[-2.971,35.306],[-2.969,35.312],[-2.963,35.321],[-2.959,35.325],[-2.947,35.329],[-2.931,35.296],[-2.915,35.274],[-2.925,35.267]]],[[[-5.319,35.877],[-5.346,35.842],[-5.396,35.916],[-5.319,35.877]]],[[[-3.036,35.913],[-3.046,35.908],[-3.051,35.91],[-3.051,35.916],[-3.049,35.92],[-3.038,35.925],[-3.027,35.924],[-3.027,35.919],[-3.036,35.913]]],[[[-6.925,37.171],[-6.921,37.162],[-6.928,37.164],[-6.933,37.167],[-6.954,37.18],[-6.959,37.184],[-6.97,37.204],[-6.973,37.21],[-6.965,37.212],[-6.958,37.211],[-6.949,37.203],[-6.925,37.171]]],[[[1.578,38.688],[1.39,38.643],[1.383,38.721],[1.578,38.688]]],[[[1.532,38.952],[1.372,38.831],[1.212,38.898],[1.304,39.039],[1.52,39.118],[1.615,39.028],[1.532,38.952]]],[[[3.248,39.735],[3.383,39.773],[3.48,39.711],[3.242,39.364],[3.064,39.264],[2.786,39.365],[2.694,39.552],[2.364,39.556],[2.684,39.794],[2.988,39.911],[3.097,39.911],[3.138,39.787],[3.248,39.735]]],[[[4.273,39.961],[4.317,39.846],[4.276,39.806],[4.029,39.92],[3.827,39.922],[3.797,40.017],[4.174,40.05],[4.273,39.961]]],[[[-7.856,43.76],[-7.851,43.715],[-7.464,43.726],[-7.241,43.559],[-7.039,43.557],[-7.045,43.49],[-6.943,43.578],[-6.095,43.562],[-5.854,43.648],[-5.678,43.544],[-5.398,43.552],[-5.207,43.478],[-4.515,43.396],[-3.586,43.51],[-3.151,43.354],[-3.022,43.357],[-2.941,43.436],[-2.736,43.426],[-2.296,43.296],[-1.788,43.392],[-1.73,43.299],[-1.391,43.263],[-1.472,43.091],[-1.434,43.046],[-1.3,43.072],[-0.934,42.953],[-0.747,42.966],[-0.549,42.779],[-0.309,42.848],[-0.051,42.692],[0.179,42.735],[0.676,42.688],[0.652,42.785],[0.72,42.859],[1.092,42.784],[1.174,42.71],[1.359,42.715],[1.446,42.602],[1.455,42.442],[1.724,42.509],[2.017,42.353],[2.269,42.437],[2.542,42.332],[3.045,42.475],[3.178,42.437],[3.194,42.342],[3.319,42.321],[3.263,42.241],[3.116,42.221],[3.12,42.137],[3.213,42.061],[3.202,41.893],[2.939,41.72],[2.273,41.463],[2.111,41.286],[0.993,41.048],[0.704,40.813],[0.903,40.72],[0.69,40.572],[0.607,40.576],[0.738,40.64],[0.542,40.569],[0.354,40.299],[0.049,40.036],[-0.321,39.51],[-0.182,39.029],[0.215,38.758],[-0.512,38.325],[-0.86,37.717],[-0.716,37.607],[-1.327,37.558],[-1.644,37.373],[-2.129,36.731],[-2.35,36.841],[-2.555,36.815],[-2.639,36.701],[-2.769,36.678],[-2.929,36.75],[-3.453,36.692],[-3.595,36.747],[-4.398,36.722],[-4.633,36.511],[-5.172,36.413],[-5.335,36.163],[-5.432,36.169],[-5.425,36.071],[-5.614,36.006],[-5.911,36.179],[-6.051,36.192],[-6.261,36.47],[-6.173,36.512],[-6.435,36.697],[-6.356,36.861],[-6.579,37.019],[-6.96,37.222],[-6.972,37.178],[-7.127,37.221],[-7.399,37.181],[-7.524,37.552],[-7.278,37.871],[-7.254,37.987],[-7.007,38.028],[-6.934,38.209],[-7.088,38.174],[-7.321,38.449],[-7.257,38.728],[-7.06,38.861],[-6.961,39.057],[-7.04,39.123],[-7.143,39.111],[-7.243,39.213],[-7.371,39.491],[-7.532,39.669],[-7.017,39.675],[-6.871,40.022],[-7.027,40.188],[-6.862,40.272],[-6.796,40.524],[-6.804,40.874],[-6.932,41.018],[-6.78,41.064],[-6.644,41.245],[-6.438,41.319],[-6.187,41.58],[-6.304,41.663],[-6.539,41.679],[-6.528,41.839],[-6.594,41.954],[-7.134,41.995],[-7.201,41.884],[-7.411,41.823],[-7.608,41.831],[-7.692,41.905],[-8.141,41.809],[-8.219,41.914],[-8.08,42.054],[-8.201,42.153],[-8.621,42.054],[-8.872,41.876],[-8.896,42.113],[-8.58,42.352],[-8.869,42.251],[-8.656,42.428],[-8.841,42.391],[-8.908,42.467],[-8.836,42.462],[-8.828,42.575],[-8.722,42.701],[-9.036,42.525],[-9.02,42.705],[-8.912,42.793],[-9.087,42.74],[-9.185,42.953],[-9.293,42.922],[-9.17,43.186],[-8.952,43.231],[-8.98,43.281],[-8.876,43.32],[-8.701,43.287],[-8.33,43.404],[-8.266,43.553],[-7.856,43.76]]]]}},{"type":"Feature","properties":{"ISO2":"FI","NAME":"Finland"},"geometry":{"type":"MultiPolygon","coordinates":[[[[23.706,59.927],[23.37,59.911],[23.538,59.96],[23.706,59.927]]],[[[22.834,59.956],[23.072,59.951],[23.05,59.899],[22.918,59.898],[22.834,59.956]]],[[[22.439,59.996],[22.373,59.99],[22.352,60.067],[22.441,60.072],[22.439,59.996]]],[[[21.598,60.098],[21.485,60.114],[21.656,60.156],[21.598,60.098]]],[[[21.749,60.111],[21.695,60.116],[21.716,60.183],[21.885,60.177],[21.749,60.111]]],[[[21.397,60.179],[21.385,60.157],[21.307,60.174],[21.272,60.185],[21.268,60.188],[21.274,60.193],[21.287,60.201],[21.296,60.203],[21.306,60.205],[21.339,60.205],[21.35,60.205],[21.386,60.188],[21.397,60.179]]],[[[22.001,60.129],[21.937,60.17],[22.061,60.204],[22.001,60.129]]],[[[25.849,60.196],[25.83,60.192],[25.819,60.195],[25.813,60.199],[25.811,60.204],[25.814,60.209],[25.822,60.213],[25.839,60.217],[25.852,60.216],[25.875,60.211],[25.87,60.208],[25.856,60.199],[25.849,60.196]]],[[[22.824,60.227],[22.839,60.096],[22.736,60.003],[22.469,60.0],[22.415,60.152],[22.45,60.218],[22.824,60.227]]],[[[22.242,60.181],[22.218,60.219],[22.294,60.249],[22.242,60.181]]],[[[25.677,60.235],[25.598,60.208],[25.561,60.266],[25.677,60.235]]],[[[22.342,60.283],[22.336,60.268],[22.331,60.262],[22.32,60.262],[22.311,60.265],[22.297,60.267],[22.286,60.267],[22.277,60.265],[22.235,60.253],[22.227,60.25],[22.213,60.242],[22.219,60.27],[22.209,60.273],[22.145,60.281],[22.141,60.278],[22.179,60.274],[22.181,60.268],[22.177,60.263],[22.169,60.26],[22.151,60.256],[22.129,60.256],[22.079,60.261],[22.072,60.264],[22.069,60.269],[22.069,60.285],[22.07,60.291],[22.076,60.296],[22.096,60.308],[22.206,60.309],[22.217,60.309],[22.242,60.306],[22.318,60.293],[22.341,60.288],[22.342,60.283]]],[[[22.383,60.288],[22.325,60.335],[22.477,60.324],[22.383,60.288]]],[[[21.983,60.324],[21.79,60.372],[21.807,60.466],[21.933,60.417],[21.983,60.324]]],[[[21.752,60.498],[21.692,60.45],[21.684,60.453],[21.685,60.459],[21.689,60.469],[21.695,60.482],[21.699,60.489],[21.73,60.52],[21.737,60.524],[21.746,60.526],[21.757,60.526],[21.763,60.522],[21.764,60.516],[21.758,60.503],[21.752,60.498]]],[[[21.329,60.481],[21.324,60.477],[21.276,60.478],[21.23,60.548],[21.227,60.552],[21.231,60.557],[21.25,60.555],[21.278,60.54],[21.284,60.536],[21.298,60.523],[21.321,60.496],[21.329,60.481]]],[[[21.483,60.52],[21.432,60.47],[21.322,60.543],[21.483,60.52]]],[[[21.29,60.612],[21.289,60.561],[21.214,60.62],[21.29,60.612]]],[[[21.328,60.877],[21.264,60.879],[21.254,60.959],[21.357,60.922],[21.328,60.877]]],[[[21.08,63.281],[21.413,63.251],[21.427,63.197],[21.247,63.145],[21.08,63.281]]],[[[22.181,63.265],[22.041,63.307],[22.192,63.322],[22.181,63.265]]],[[[21.323,63.289],[21.232,63.326],[21.381,63.341],[21.323,63.289]]],[[[22.874,63.8],[22.671,63.794],[22.806,63.877],[22.897,63.867],[22.874,63.8]]],[[[24.735,64.944],[24.552,65.025],[24.809,65.078],[25.035,65.036],[24.735,64.944]]],[[[24.462,65.764],[24.45,65.764],[24.437,65.77],[24.441,65.776],[24.454,65.786],[24.465,65.788],[24.48,65.787],[24.496,65.785],[24.503,65.781],[24.5,65.777],[24.462,65.764]]],[[[28.166,69.912],[29.099,69.708],[29.3,69.486],[28.819,69.232],[28.787,69.119],[28.957,69.052],[28.432,68.897],[28.821,68.844],[28.457,68.532],[28.697,68.193],[29.357,68.082],[29.692,67.815],[30.029,67.695],[29.933,67.514],[29.157,67.031],[29.075,66.896],[29.359,66.673],[29.639,66.322],[29.91,66.127],[30.134,65.719],[30.124,65.665],[29.819,65.653],[29.834,65.588],[29.738,65.481],[29.747,65.342],[29.596,65.249],[29.854,65.216],[29.874,65.121],[29.629,65.063],[29.637,64.928],[29.805,64.794],[30.141,64.774],[30.199,64.65],[29.975,64.581],[30.087,64.483],[30.054,64.405],[30.578,64.221],[30.595,64.047],[30.256,63.818],[29.993,63.744],[30.482,63.479],[31.22,63.223],[31.589,62.914],[31.26,62.508],[29.214,61.253],[28.813,61.103],[27.808,60.546],[27.744,60.572],[27.738,60.511],[27.473,60.476],[27.296,60.504],[27.215,60.586],[27.031,60.539],[26.96,60.442],[26.497,60.447],[26.595,60.598],[26.754,60.572],[26.659,60.648],[26.462,60.508],[26.482,60.437],[26.422,60.392],[26.051,60.427],[26.112,60.33],[26.042,60.293],[25.838,60.401],[25.918,60.351],[25.92,60.242],[25.754,60.315],[25.846,60.265],[25.721,60.248],[25.65,60.296],[25.662,60.362],[25.489,60.246],[24.603,60.122],[24.482,59.991],[24.333,60.072],[23.427,59.954],[23.538,60.07],[23.252,59.839],[22.91,59.805],[23.257,59.919],[23.338,60.02],[23.225,59.926],[23.107,59.922],[23.26,60.036],[23.049,60.036],[22.986,60.063],[23.042,60.121],[22.874,60.146],[23.087,60.347],[22.575,60.211],[22.447,60.244],[22.632,60.392],[22.277,60.386],[21.937,60.521],[21.803,60.482],[21.824,60.619],[21.588,60.507],[21.577,60.562],[21.43,60.573],[21.359,60.654],[21.392,60.756],[21.328,60.865],[21.554,61.309],[21.465,61.551],[21.668,61.547],[21.535,61.653],[21.411,61.891],[21.28,61.948],[21.253,62.006],[21.383,62.185],[21.372,62.26],[21.337,62.349],[21.112,62.452],[21.125,62.547],[21.064,62.596],[21.106,62.769],[21.377,62.864],[21.439,63.042],[21.686,63.025],[21.522,63.121],[21.498,63.21],[21.882,63.257],[21.967,63.183],[22.337,63.274],[22.356,63.34],[22.188,63.463],[22.293,63.527],[22.396,63.472],[22.589,63.696],[22.781,63.626],[22.9,63.699],[22.923,63.801],[23.319,63.897],[23.385,64.049],[23.602,64.064],[23.927,64.269],[23.999,64.386],[24.343,64.524],[24.542,64.802],[25.086,64.913],[25.319,64.818],[25.366,64.902],[25.188,64.966],[25.449,64.961],[25.267,65.17],[25.355,65.411],[25.311,65.511],[25.07,65.611],[24.669,65.655],[24.554,65.776],[24.689,65.896],[24.42,65.768],[24.177,65.789],[23.931,66.136],[23.719,66.205],[23.64,66.436],[23.879,66.557],[23.89,66.743],[24.008,66.801],[23.572,67.157],[23.606,67.259],[23.773,67.314],[23.768,67.416],[23.431,67.466],[23.508,67.666],[23.483,67.863],[23.657,67.951],[23.394,68.042],[22.824,68.388],[22.051,68.479],[20.895,68.894],[20.939,68.958],[20.867,69.005],[20.581,69.06],[20.738,69.096],[21.059,69.034],[21.113,69.108],[21.032,69.213],[21.321,69.326],[21.682,69.285],[22.347,68.845],[22.398,68.711],[23.064,68.696],[23.204,68.629],[23.693,68.712],[23.83,68.83],[23.976,68.832],[24.935,68.581],[25.103,68.635],[25.214,68.817],[25.623,68.884],[25.761,68.989],[25.713,69.255],[25.957,69.59],[25.946,69.673],[26.45,69.927],[27.069,69.909],[27.573,70.069],[27.902,70.089],[28.166,69.912]]]]}},{"type":"Feature","properties":{"ISO2":"FR","NAME":"France"},"geometry":{"type":"MultiPolygon","coordinates":[[[[9.486,42.615],[9.495,42.604],[9.483,42.613],[9.478,42.617],[9.465,42.631],[9.458,42.643],[9.486,42.615]]],[[[9.447,42.679],[9.534,42.542],[9.553,42.116],[9.411,41.954],[9.399,41.699],[9.181,41.365],[8.789,41.558],[8.795,41.633],[8.921,41.688],[8.705,41.759],[8.784,41.924],[8.627,41.907],[8.589,41.963],[8.745,42.051],[8.587,42.17],[8.571,42.222],[8.688,42.27],[8.576,42.384],[8.722,42.574],[9.119,42.73],[9.294,42.676],[9.353,43.004],[9.461,42.986],[9.447,42.679]]],[[[-1.194,45.822],[-1.374,45.958],[-1.402,46.051],[-1.233,45.965],[-1.171,45.892],[-1.194,45.822]]],[[[-1.261,46.156],[-1.284,46.156],[-1.299,46.157],[-1.319,46.161],[-1.507,46.204],[-1.521,46.209],[-1.531,46.215],[-1.534,46.218],[-1.552,46.241],[-1.553,46.245],[-1.552,46.248],[-1.548,46.25],[-1.503,46.256],[-1.492,46.257],[-1.48,46.257],[-1.474,46.256],[-1.292,46.198],[-1.256,46.168],[-1.254,46.165],[-1.254,46.161],[-1.257,46.158],[-1.261,46.156]]],[[[-2.271,46.693],[-2.276,46.693],[-2.364,46.698],[-2.37,46.701],[-2.378,46.709],[-2.385,46.718],[-2.385,46.726],[-2.382,46.728],[-2.366,46.735],[-2.361,46.736],[-2.354,46.736],[-2.334,46.731],[-2.303,46.719],[-2.276,46.704],[-2.273,46.702],[-2.269,46.696],[-2.271,46.693]]],[[[-2.197,47.017],[-2.145,46.906],[-2.285,47.021],[-2.197,47.017]]],[[[-3.067,47.307],[-3.216,47.302],[-3.259,47.376],[-3.067,47.307]]],[[[-5.055,48.454],[-5.101,48.442],[-5.135,48.455],[-5.135,48.458],[-5.131,48.461],[-5.106,48.475],[-5.069,48.482],[-5.065,48.483],[-5.055,48.48],[-5.049,48.478],[-5.045,48.469],[-5.052,48.457],[-5.055,48.454]]],[[[-3.577,48.804],[-3.582,48.804],[-3.583,48.807],[-3.58,48.81],[-3.576,48.812],[-3.571,48.813],[-3.565,48.812],[-3.563,48.809],[-3.566,48.806],[-3.577,48.804]]],[[[2.542,51.091],[2.651,50.816],[2.898,50.703],[3.154,50.788],[3.299,50.523],[3.608,50.496],[3.775,50.354],[4.038,50.356],[4.165,50.283],[4.149,49.978],[4.511,49.947],[4.674,49.996],[4.697,50.091],[4.833,50.169],[4.895,50.14],[4.821,49.993],[4.873,49.797],[4.997,49.802],[5.331,49.657],[5.478,49.504],[5.792,49.546],[5.978,49.449],[6.165,49.505],[6.416,49.476],[6.541,49.426],[6.731,49.166],[6.931,49.221],[7.091,49.127],[7.288,49.111],[7.424,49.177],[7.652,49.045],[7.939,49.049],[8.226,48.964],[7.802,48.576],[7.751,48.337],[7.579,48.12],[7.624,47.977],[7.511,47.703],[7.588,47.584],[7.383,47.432],[6.991,47.497],[6.88,47.36],[7.001,47.365],[6.972,47.292],[6.528,46.972],[6.435,46.758],[6.13,46.593],[6.071,46.426],[6.158,46.374],[6.119,46.264],[5.966,46.205],[5.996,46.147],[6.152,46.154],[6.272,46.262],[6.246,46.358],[6.492,46.453],[6.803,46.428],[6.784,46.148],[7.038,45.932],[6.809,45.831],[6.81,45.728],[7.159,45.377],[7.065,45.223],[6.62,45.11],[6.747,44.919],[7.032,44.831],[7.028,44.745],[6.853,44.541],[6.877,44.377],[7.031,44.247],[7.348,44.132],[7.615,44.18],[7.708,44.079],[7.495,43.882],[7.528,43.789],[7.159,43.663],[6.892,43.436],[6.794,43.423],[6.636,43.311],[6.7,43.276],[6.642,43.185],[6.187,43.129],[6.165,43.051],[5.956,43.118],[5.839,43.06],[5.689,43.189],[5.364,43.222],[5.322,43.367],[5.039,43.347],[5.232,43.467],[5.031,43.557],[5.04,43.438],[4.839,43.39],[4.744,43.429],[4.697,43.578],[4.773,43.374],[4.653,43.36],[4.536,43.458],[4.321,43.458],[4.309,43.512],[4.241,43.486],[4.288,43.457],[4.191,43.462],[4.108,43.555],[3.965,43.541],[3.258,43.227],[3.081,43.069],[2.96,42.838],[3.038,42.728],[3.049,42.554],[3.178,42.437],[2.95,42.481],[2.678,42.402],[2.666,42.342],[2.485,42.343],[2.269,42.437],[2.017,42.353],[1.724,42.509],[1.782,42.57],[1.739,42.616],[1.492,42.654],[1.446,42.602],[1.359,42.715],[1.174,42.71],[1.092,42.784],[0.72,42.859],[0.652,42.785],[0.676,42.688],[0.179,42.735],[-0.006,42.685],[-0.309,42.848],[-0.562,42.781],[-0.747,42.966],[-0.934,42.953],[-1.3,43.072],[-1.434,43.046],[-1.472,43.091],[-1.391,43.263],[-1.73,43.299],[-1.781,43.36],[-1.585,43.441],[-1.444,43.641],[-1.209,44.626],[-1.036,44.675],[-1.169,44.776],[-1.25,44.662],[-1.141,45.49],[-1.084,45.564],[-0.797,45.357],[-0.699,45.099],[-0.537,44.896],[-0.777,45.461],[-1.241,45.702],[-1.231,45.788],[-1.068,45.909],[-1.051,46.034],[-1.149,46.153],[-1.115,46.317],[-1.22,46.29],[-1.786,46.488],[-1.861,46.638],[-2.131,46.838],[-1.984,47.034],[-2.171,47.127],[-2.134,47.278],[-1.729,47.211],[-2.003,47.319],[-2.289,47.239],[-2.54,47.297],[-2.527,47.386],[-2.406,47.407],[-2.492,47.493],[-2.361,47.504],[-2.581,47.538],[-2.793,47.489],[-2.87,47.54],[-2.733,47.546],[-2.698,47.637],[-3.125,47.599],[-3.106,47.472],[-3.217,47.651],[-3.834,47.801],[-3.982,47.89],[-4.366,47.804],[-4.35,47.872],[-4.436,47.972],[-4.726,48.041],[-4.284,48.115],[-4.31,48.201],[-4.441,48.238],[-4.556,48.175],[-4.624,48.282],[-4.559,48.336],[-4.531,48.29],[-4.186,48.3],[-4.764,48.335],[-4.778,48.509],[-4.354,48.674],[-3.968,48.726],[-3.949,48.656],[-3.857,48.636],[-3.811,48.726],[-3.583,48.676],[-3.537,48.826],[-3.221,48.871],[-3.061,48.826],[-2.685,48.502],[-2.307,48.676],[-2.039,48.6],[-1.977,48.512],[-1.988,48.687],[-1.846,48.709],[-1.826,48.611],[-1.369,48.644],[-1.562,48.748],[-1.61,49.215],[-1.812,49.378],[-1.849,49.636],[-1.942,49.724],[-1.621,49.655],[-1.264,49.684],[-1.228,49.614],[-1.298,49.537],[-1.114,49.365],[-0.928,49.395],[-0.228,49.284],[0.425,49.452],[0.494,49.488],[0.256,49.457],[0.074,49.527],[0.209,49.718],[0.64,49.866],[1.074,49.927],[1.461,50.124],[1.604,50.369],[1.558,50.406],[1.564,50.706],[1.625,50.878],[1.793,50.963],[2.542,51.091]]]]}},{"type":"Feature","properties":{"ISO2":"GB","NAME":"United Kingdom"},"geometry":{"type":"MultiPolygon","coordinates":[[[[-6.291,49.912],[-6.311,49.912],[-6.317,49.912],[-6.317,49.915],[-6.308,49.929],[-6.306,49.932],[-6.301,49.934],[-6.295,49.934],[-6.287,49.929],[-6.285,49.927],[-6.28,49.921],[-6.279,49.919],[-6.286,49.914],[-6.291,49.912]]],[[[-1.06,50.687],[-1.282,50.579],[-1.57,50.661],[-1.297,50.772],[-1.06,50.687]]],[[[-0.938,50.778],[-1.022,50.786],[-0.971,50.831],[-0.938,50.778]]],[[[-4.652,51.159],[-4.664,51.158],[-4.669,51.159],[-4.673,51.161],[-4.674,51.165],[-4.671,51.185],[-4.669,51.193],[-4.666,51.195],[-4.659,51.195],[-4.656,51.192],[-4.646,51.164],[-4.647,51.161],[-4.652,51.159]]],[[[0.905,51.358],[0.741,51.43],[0.909,51.417],[0.948,51.375],[0.905,51.358]]],[[[-4.571,53.239],[-4.694,53.301],[-4.622,53.321],[-4.571,53.239]]],[[[-4.153,53.226],[-4.402,53.126],[-4.567,53.273],[-4.569,53.388],[-4.314,53.412],[-4.222,53.322],[-4.047,53.303],[-4.153,53.226]]],[[[-6.353,55.238],[-6.067,55.194],[-6.036,55.058],[-5.688,54.806],[-5.908,54.605],[-5.738,54.674],[-5.535,54.652],[-5.431,54.487],[-5.461,54.386],[-5.545,54.401],[-5.568,54.524],[-5.693,54.575],[-5.705,54.534],[-5.562,54.283],[-5.864,54.224],[-5.896,54.099],[-6.044,54.031],[-6.339,54.116],[-6.62,54.037],[-6.876,54.345],[-7.025,54.417],[-7.161,54.337],[-7.146,54.225],[-7.33,54.113],[-7.821,54.199],[-8.172,54.464],[-7.752,54.594],[-7.928,54.699],[-7.553,54.763],[-7.326,55.045],[-7.074,55.038],[-6.967,55.156],[-6.353,55.238]]],[[[-6.173,55.293],[-6.181,55.265],[-6.185,55.261],[-6.188,55.26],[-6.234,55.291],[-6.263,55.29],[-6.278,55.291],[-6.282,55.292],[-6.281,55.296],[-6.263,55.304],[-6.253,55.308],[-6.239,55.309],[-6.191,55.302],[-6.178,55.3],[-6.175,55.297],[-6.173,55.293]]],[[[-5.104,55.439],[-5.34,55.475],[-5.381,55.669],[-5.295,55.717],[-5.16,55.679],[-5.084,55.553],[-5.104,55.439]]],[[[-5.016,55.722],[-5.206,55.899],[-5.036,55.838],[-5.016,55.722]]],[[[-6.122,55.879],[-6.03,55.721],[-6.077,55.65],[-6.326,55.587],[-6.265,55.778],[-6.509,55.682],[-6.442,55.854],[-6.137,55.934],[-6.122,55.879]]],[[[-6.194,56.029],[-6.263,56.036],[-6.131,56.121],[-6.194,56.029]]],[[[-5.947,55.83],[-6.063,55.804],[-6.079,55.906],[-5.968,56.024],[-5.694,56.147],[-5.947,55.83]]],[[[-5.735,56.158],[-5.742,56.158],[-5.748,56.16],[-5.75,56.163],[-5.744,56.169],[-5.736,56.178],[-5.691,56.194],[-5.686,56.196],[-5.68,56.195],[-5.675,56.192],[-5.674,56.189],[-5.674,56.185],[-5.674,56.173],[-5.676,56.169],[-5.685,56.166],[-5.702,56.161],[-5.713,56.159],[-5.735,56.158]]],[[[-5.63,56.197],[-5.638,56.187],[-5.644,56.188],[-5.648,56.19],[-5.663,56.212],[-5.665,56.216],[-5.644,56.256],[-5.642,56.26],[-5.609,56.258],[-5.606,56.254],[-5.607,56.25],[-5.63,56.197]]],[[[-5.617,56.269],[-5.646,56.301],[-5.584,56.32],[-5.617,56.269]]],[[[-6.405,56.304],[-6.41,56.302],[-6.418,56.302],[-6.433,56.308],[-6.436,56.311],[-6.416,56.331],[-6.394,56.341],[-6.388,56.342],[-6.382,56.341],[-6.381,56.337],[-6.389,56.323],[-6.393,56.316],[-6.401,56.306],[-6.405,56.304]]],[[[-5.544,56.383],[-5.588,56.389],[-5.51,56.411],[-5.544,56.383]]],[[[-6.166,56.465],[-6.199,56.459],[-6.233,56.465],[-6.239,56.466],[-6.259,56.478],[-6.26,56.482],[-6.259,56.486],[-6.242,56.495],[-6.237,56.497],[-6.225,56.499],[-6.216,56.498],[-6.205,56.495],[-6.163,56.475],[-6.16,56.473],[-6.158,56.469],[-6.161,56.466],[-6.166,56.465]]],[[[-6.739,56.516],[-6.893,56.439],[-6.991,56.494],[-6.739,56.516]]],[[[-5.784,56.509],[-5.648,56.436],[-5.809,56.318],[-5.883,56.352],[-6.265,56.259],[-6.366,56.309],[-6.018,56.375],[-6.194,56.361],[-6.003,56.494],[-6.325,56.539],[-6.32,56.603],[-6.134,56.653],[-5.784,56.509]]],[[[-6.589,56.58],[-6.699,56.58],[-6.454,56.686],[-6.589,56.58]]],[[[-6.145,56.87],[-6.213,56.907],[-6.114,56.932],[-6.145,56.87]]],[[[-6.317,56.934],[-6.452,57.006],[-6.262,57.038],[-6.257,56.961],[-6.317,56.934]]],[[[-7.467,56.941],[-7.56,56.96],[-7.44,57.054],[-7.376,56.979],[-7.467,56.941]]],[[[-6.499,57.052],[-6.581,57.044],[-6.603,57.046],[-6.601,57.051],[-6.593,57.055],[-6.556,57.066],[-6.549,57.068],[-6.544,57.067],[-6.5,57.062],[-6.494,57.061],[-6.492,57.057],[-6.495,57.054],[-6.499,57.052]]],[[[-5.939,57.278],[-5.946,57.278],[-5.969,57.28],[-5.98,57.283],[-5.996,57.288],[-6.008,57.295],[-6.018,57.303],[-6.019,57.308],[-6.018,57.312],[-6.015,57.314],[-6.006,57.319],[-5.988,57.321],[-5.957,57.319],[-5.95,57.317],[-5.934,57.312],[-5.93,57.31],[-5.921,57.301],[-5.919,57.298],[-5.918,57.294],[-5.918,57.289],[-5.923,57.283],[-5.928,57.281],[-5.939,57.278]]],[[[-7.223,57.337],[-7.288,57.322],[-7.215,57.11],[-7.381,57.109],[-7.425,57.382],[-7.223,57.337]]],[[[-7.269,57.399],[-7.406,57.464],[-7.205,57.461],[-7.269,57.399]]],[[[-6.027,57.329],[-6.078,57.394],[-6.003,57.509],[-6.027,57.329]]],[[[-5.968,57.523],[-5.971,57.515],[-5.978,57.516],[-5.989,57.524],[-5.99,57.528],[-5.991,57.541],[-5.982,57.562],[-5.966,57.573],[-5.962,57.575],[-5.956,57.574],[-5.954,57.571],[-5.953,57.567],[-5.968,57.523]]],[[[-6.144,57.568],[-6.127,57.306],[-5.887,57.239],[-5.649,57.26],[-5.664,57.205],[-6.012,57.022],[-5.974,57.13],[-6.031,57.177],[-6.077,57.124],[-6.314,57.157],[-6.481,57.303],[-6.31,57.304],[-6.533,57.408],[-6.576,57.333],[-6.7,57.364],[-6.786,57.446],[-6.638,57.606],[-6.463,57.509],[-6.376,57.524],[-6.421,57.637],[-6.346,57.685],[-6.144,57.568]]],[[[-7.189,57.687],[-7.066,57.633],[-7.154,57.509],[-7.543,57.591],[-7.473,57.655],[-7.189,57.687]]],[[[-7.197,57.702],[-7.204,57.702],[-7.22,57.703],[-7.219,57.708],[-7.213,57.714],[-7.199,57.725],[-7.19,57.729],[-7.174,57.734],[-7.167,57.735],[-7.16,57.734],[-7.145,57.724],[-7.145,57.719],[-7.15,57.717],[-7.155,57.715],[-7.197,57.702]]],[[[-8.555,57.811],[-8.576,57.799],[-8.582,57.799],[-8.606,57.805],[-8.612,57.806],[-8.621,57.823],[-8.619,57.826],[-8.584,57.824],[-8.566,57.82],[-8.555,57.816],[-8.552,57.814],[-8.555,57.811]]],[[[-7.006,57.881],[-7.074,57.878],[-7.078,57.88],[-7.077,57.893],[-7.074,57.896],[-7.033,57.916],[-7.027,57.917],[-7.007,57.92],[-6.999,57.92],[-6.994,57.919],[-6.994,57.914],[-6.997,57.891],[-6.999,57.887],[-7.006,57.881]]],[[[-6.802,58.203],[-6.839,58.202],[-6.869,58.204],[-6.873,58.206],[-6.889,58.244],[-6.89,58.249],[-6.89,58.252],[-6.882,58.254],[-6.86,58.251],[-6.854,58.25],[-6.81,58.229],[-6.794,58.218],[-6.791,58.207],[-6.794,58.203],[-6.802,58.203]]],[[[-6.204,58.356],[-6.328,58.235],[-6.148,58.256],[-6.172,58.207],[-6.62,58.082],[-6.396,58.105],[-6.354,58.033],[-6.474,57.94],[-6.662,57.924],[-6.706,58.008],[-6.59,58.05],[-6.684,58.057],[-6.761,57.998],[-6.661,57.885],[-6.735,57.826],[-6.973,57.725],[-7.123,57.817],[-6.83,57.901],[-7.113,57.984],[-7.056,58.02],[-7.128,58.135],[-7.041,58.233],[-6.908,58.213],[-6.862,58.104],[-6.873,58.179],[-6.745,58.197],[-6.798,58.302],[-6.267,58.512],[-6.166,58.425],[-6.204,58.356]]],[[[-4.153,53.226],[-3.336,53.347],[-3.102,53.248],[-3.192,53.386],[-3.062,53.411],[-2.882,53.285],[-2.703,53.346],[-2.954,53.36],[-3.107,53.552],[-2.899,53.723],[-3.051,53.765],[-3.053,53.906],[-2.933,53.951],[-2.814,54.223],[-3.226,54.099],[-3.634,54.512],[-3.381,54.884],[-3.023,54.971],[-3.571,54.991],[-3.616,54.875],[-3.965,54.765],[-4.136,54.775],[-4.393,54.908],[-4.429,54.864],[-4.345,54.707],[-4.387,54.676],[-4.852,54.869],[-4.962,54.798],[-4.856,54.631],[-4.941,54.649],[-5.176,54.901],[-5.174,55.001],[-5.054,55.047],[-4.613,55.495],[-4.699,55.607],[-4.916,55.697],[-4.88,55.936],[-4.482,55.921],[-4.855,55.986],[-4.829,56.113],[-4.979,55.866],[-5.173,55.929],[-5.208,55.826],[-5.303,55.851],[-5.309,56.008],[-4.918,56.271],[-5.032,56.232],[-5.432,56.008],[-5.38,55.75],[-5.486,55.643],[-5.555,55.414],[-5.515,55.362],[-5.777,55.297],[-5.794,55.39],[-5.719,55.44],[-5.608,55.759],[-5.674,55.807],[-5.676,55.912],[-5.571,56.037],[-5.68,55.991],[-5.512,56.182],[-5.598,56.16],[-5.574,56.325],[-5.421,56.433],[-5.221,56.436],[-5.108,56.508],[-5.066,56.561],[-5.203,56.454],[-5.399,56.479],[-5.246,56.556],[-5.383,56.583],[-5.12,56.817],[-5.677,56.494],[-6.008,56.637],[-5.547,56.692],[-6.235,56.719],[-5.954,56.782],[-5.853,56.742],[-5.799,56.789],[-5.854,56.828],[-5.661,56.869],[-5.922,56.888],[-5.822,57.006],[-5.52,56.996],[-5.787,57.052],[-5.725,57.113],[-5.4,57.106],[-5.65,57.162],[-5.646,57.235],[-5.406,57.229],[-5.599,57.33],[-5.45,57.42],[-5.819,57.364],[-5.871,57.479],[-5.84,57.573],[-5.651,57.508],[-5.509,57.535],[-5.669,57.546],[-5.81,57.638],[-5.817,57.822],[-5.717,57.869],[-5.603,57.767],[-5.611,57.924],[-5.457,57.859],[-5.339,57.921],[-5.103,57.851],[-5.455,58.076],[-5.28,58.08],[-5.274,58.149],[-5.392,58.259],[-5.072,58.265],[-5.175,58.35],[-5.005,58.623],[-4.702,58.559],[-4.757,58.442],[-4.565,58.576],[-4.277,58.534],[-3.66,58.62],[-3.365,58.595],[-3.354,58.661],[-3.026,58.647],[-3.056,58.454],[-3.209,58.304],[-3.997,57.951],[-4.015,57.868],[-4.392,57.905],[-4.043,57.814],[-3.773,57.851],[-3.978,57.698],[-4.297,57.674],[-4.436,57.575],[-4.191,57.671],[-4.047,57.643],[-4.241,57.5],[-4.197,57.486],[-3.488,57.709],[-3.042,57.662],[-2.076,57.699],[-1.918,57.671],[-1.773,57.458],[-1.978,57.314],[-2.22,56.868],[-2.478,56.715],[-2.527,56.579],[-3.278,56.357],[-2.884,56.451],[-2.809,56.439],[-2.801,56.344],[-2.583,56.268],[-2.788,56.187],[-2.957,56.202],[-3.393,56.011],[-3.725,56.027],[-3.053,55.944],[-2.82,56.057],[-2.631,56.055],[-2.08,55.867],[-1.82,55.634],[-1.634,55.581],[-1.515,55.15],[-1.298,54.764],[-1.165,54.65],[-0.565,54.48],[-0.382,54.256],[-0.075,54.112],[-0.215,54.015],[0.141,53.627],[0.118,53.564],[0.109,53.619],[-0.086,53.624],[-0.273,53.736],[-0.719,53.7],[-0.298,53.713],[0.236,53.399],[0.34,53.233],[0.342,53.096],[0.0,52.88],[0.363,52.78],[0.546,52.966],[1.282,52.927],[1.675,52.748],[1.749,52.456],[1.58,52.076],[1.329,51.928],[1.16,52.023],[1.294,51.877],[1.224,51.809],[1.05,51.771],[0.987,51.826],[0.7,51.719],[0.932,51.739],[0.951,51.606],[0.383,51.451],[0.698,51.471],[0.556,51.408],[0.905,51.341],[1.386,51.388],[1.427,51.331],[1.39,51.154],[1.046,51.049],[0.975,50.932],[0.781,50.936],[0.242,50.738],[-0.255,50.826],[-0.796,50.725],[-0.927,50.839],[-1.155,50.844],[-1.137,50.779],[-2.042,50.734],[-2.08,50.694],[-1.953,50.667],[-1.958,50.599],[-2.394,50.642],[-2.464,50.598],[-2.434,50.542],[-2.662,50.673],[-2.925,50.732],[-3.437,50.605],[-3.717,50.207],[-4.175,50.378],[-4.38,50.364],[-4.763,50.311],[-5.048,50.171],[-5.059,50.042],[-5.193,49.955],[-5.29,50.069],[-5.471,50.125],[-5.567,50.051],[-5.713,50.054],[-5.696,50.153],[-5.428,50.194],[-5.052,50.422],[-5.014,50.545],[-4.781,50.594],[-4.554,50.785],[-4.524,51.015],[-4.304,51.004],[-4.209,51.074],[-4.226,51.189],[-3.792,51.239],[-3.39,51.181],[-3.028,51.206],[-2.96,51.375],[-2.38,51.756],[-2.715,51.581],[-3.116,51.49],[-3.186,51.396],[-3.346,51.379],[-3.56,51.406],[-3.84,51.621],[-4.278,51.557],[-4.291,51.61],[-4.075,51.677],[-4.574,51.734],[-4.941,51.594],[-5.051,51.62],[-4.861,51.713],[-4.884,51.747],[-5.247,51.73],[-5.102,51.779],[-5.127,51.854],[-5.259,51.871],[-5.239,51.916],[-4.832,52.015],[-4.669,52.13],[-4.495,52.138],[-4.131,52.335],[-4.06,52.486],[-4.128,52.605],[-4.053,52.717],[-4.148,52.798],[-4.134,52.914],[-4.761,52.789],[-4.153,53.226]]],[[[-2.918,58.732],[-3.037,58.818],[-2.886,58.832],[-2.918,58.732]]],[[[-3.231,58.776],[-3.418,58.904],[-3.336,58.927],[-3.135,58.801],[-3.231,58.776]]],[[[-2.793,58.951],[-2.756,58.918],[-2.824,58.879],[-2.97,58.939],[-3.195,58.911],[-3.346,58.966],[-3.351,59.106],[-3.077,59.122],[-2.793,58.951]]],[[[-2.681,59.196],[-2.556,59.303],[-2.39,59.283],[-2.681,59.196]]],[[[-2.89,59.295],[-2.877,59.229],[-3.076,59.331],[-2.89,59.295]]],[[[-1.296,60.491],[-1.037,60.444],[-1.101,60.276],[-1.199,60.268],[-1.126,60.148],[-1.212,60.103],[-1.269,59.851],[-1.378,59.902],[-1.263,60.107],[-1.291,60.241],[-1.41,60.255],[-1.358,60.192],[-1.449,60.151],[-1.693,60.28],[-1.32,60.356],[-1.446,60.461],[-1.61,60.474],[-1.547,60.536],[-1.302,60.637],[-1.296,60.491]]],[[[-1.029,60.496],[-1.17,60.527],[-1.179,60.633],[-1.099,60.73],[-0.991,60.72],[-1.029,60.496]]],[[[-0.82,60.689],[-0.966,60.688],[-0.878,60.844],[-0.758,60.818],[-0.82,60.689]]]]}},{"type":"Feature","properties":{"ISO2":"GR","NAME":"Greece"},"geometry":{"type":"MultiPolygon","coordinates":[[[[24.129,34.857],[24.129,34.809],[24.045,34.85],[24.129,34.857]]],[[[26.901,35.359],[26.85,35.372],[26.898,35.42],[27.02,35.431],[26.901,35.359]]],[[[23.859,35.522],[24.172,35.591],[24.187,35.51],[24.103,35.488],[24.32,35.352],[24.789,35.409],[25.445,35.292],[25.767,35.335],[25.711,35.171],[25.808,35.108],[26.301,35.283],[26.291,35.131],[26.237,35.034],[26.12,34.993],[25.987,35.033],[24.753,34.942],[24.723,35.091],[24.399,35.187],[23.598,35.231],[23.521,35.288],[23.606,35.613],[23.618,35.518],[23.719,35.508],[23.749,35.686],[23.787,35.548],[23.859,35.522]]],[[[27.157,35.446],[27.142,35.4],[27.066,35.605],[27.228,35.826],[27.157,35.446]]],[[[23.332,35.825],[23.33,35.822],[23.326,35.823],[23.298,35.851],[23.296,35.854],[23.279,35.884],[23.273,35.896],[23.273,35.9],[23.276,35.899],[23.281,35.894],[23.303,35.887],[23.314,35.883],[23.318,35.881],[23.326,35.872],[23.329,35.866],[23.332,35.852],[23.332,35.825]]],[[[23.049,36.137],[22.912,36.199],[22.929,36.379],[23.107,36.244],[23.049,36.137]]],[[[25.839,36.348],[25.779,36.346],[25.768,36.347],[25.739,36.355],[25.732,36.363],[25.73,36.366],[25.73,36.37],[25.734,36.377],[25.767,36.401],[25.771,36.402],[25.798,36.389],[25.857,36.359],[25.857,36.355],[25.854,36.352],[25.852,36.35],[25.848,36.349],[25.839,36.348]]],[[[25.399,36.394],[25.395,36.394],[25.392,36.397],[25.391,36.404],[25.391,36.408],[25.394,36.411],[25.398,36.412],[25.402,36.412],[25.407,36.411],[25.41,36.408],[25.41,36.405],[25.409,36.401],[25.406,36.398],[25.399,36.394]]],[[[27.787,35.891],[27.719,35.941],[27.72,36.166],[27.896,36.332],[28.226,36.453],[28.123,36.186],[27.787,35.891]]],[[[27.4,36.372],[27.298,36.464],[27.446,36.409],[27.4,36.372]]],[[[25.458,36.334],[25.385,36.345],[25.43,36.397],[25.372,36.472],[25.486,36.408],[25.458,36.334]]],[[[26.342,36.506],[26.262,36.592],[26.386,36.641],[26.461,36.598],[26.342,36.506]]],[[[27.855,36.527],[27.765,36.575],[27.86,36.65],[27.855,36.527]]],[[[24.95,36.591],[24.946,36.591],[24.924,36.593],[24.915,36.596],[24.857,36.636],[24.851,36.641],[24.843,36.652],[24.841,36.655],[24.841,36.659],[24.844,36.66],[24.856,36.662],[24.86,36.662],[24.869,36.661],[24.938,36.633],[24.953,36.621],[24.955,36.618],[24.962,36.599],[24.961,36.595],[24.958,36.592],[24.95,36.591]]],[[[25.09,36.634],[25.077,36.632],[25.067,36.634],[25.064,36.636],[25.064,36.64],[25.102,36.693],[25.141,36.716],[25.146,36.717],[25.188,36.717],[25.188,36.715],[25.184,36.706],[25.157,36.676],[25.135,36.661],[25.12,36.65],[25.1,36.639],[25.09,36.634]]],[[[21.786,36.737],[21.775,36.698],[21.767,36.701],[21.751,36.712],[21.749,36.716],[21.749,36.719],[21.749,36.723],[21.758,36.752],[21.761,36.755],[21.764,36.755],[21.783,36.743],[21.786,36.741],[21.786,36.737]]],[[[24.414,36.66],[24.325,36.653],[24.349,36.746],[24.548,36.759],[24.538,36.675],[24.414,36.66]]],[[[25.386,36.652],[25.259,36.729],[25.276,36.781],[25.407,36.718],[25.386,36.652]]],[[[24.663,36.747],[24.659,36.747],[24.649,36.747],[24.628,36.749],[24.625,36.751],[24.621,36.757],[24.61,36.778],[24.612,36.782],[24.62,36.788],[24.624,36.789],[24.642,36.789],[24.646,36.787],[24.665,36.776],[24.67,36.767],[24.671,36.76],[24.67,36.756],[24.666,36.75],[24.663,36.747]]],[[[21.699,36.739],[21.694,36.739],[21.696,36.772],[21.699,36.786],[21.704,36.797],[21.707,36.799],[21.728,36.793],[21.729,36.789],[21.721,36.77],[21.719,36.767],[21.701,36.742],[21.699,36.739]]],[[[24.559,36.776],[24.521,36.824],[24.562,36.849],[24.559,36.776]]],[[[25.46,36.822],[25.421,36.832],[25.474,36.869],[25.46,36.822]]],[[[25.827,36.78],[25.737,36.784],[25.977,36.874],[25.827,36.78]]],[[[26.966,36.682],[26.918,36.755],[27.064,36.839],[27.353,36.872],[26.981,36.747],[26.966,36.682]]],[[[25.681,36.878],[25.673,36.876],[25.613,36.881],[25.61,36.883],[25.609,36.887],[25.615,36.892],[25.639,36.903],[25.652,36.906],[25.669,36.899],[25.672,36.897],[25.683,36.884],[25.684,36.88],[25.681,36.878]]],[[[25.077,36.952],[25.024,36.999],[25.084,37.042],[25.077,36.952]]],[[[24.712,36.903],[24.641,37.042],[24.765,36.958],[24.712,36.903]]],[[[26.976,36.924],[26.891,37.076],[27.048,36.994],[26.976,36.924]]],[[[25.834,37.093],[25.832,37.09],[25.819,37.091],[25.802,37.099],[25.794,37.103],[25.791,37.105],[25.783,37.117],[25.782,37.12],[25.785,37.121],[25.826,37.126],[25.837,37.112],[25.839,37.109],[25.836,37.097],[25.834,37.093]]],[[[25.25,37.008],[25.191,36.974],[25.098,37.027],[25.163,37.122],[25.269,37.139],[25.25,37.008]]],[[[26.887,37.097],[26.769,37.176],[26.858,37.181],[26.887,37.097]]],[[[25.461,36.919],[25.341,37.075],[25.545,37.198],[25.58,37.016],[25.461,36.919]]],[[[24.535,37.182],[24.509,37.113],[24.415,37.127],[24.46,37.196],[24.535,37.182]]],[[[26.767,37.187],[26.764,37.186],[26.76,37.187],[26.765,37.197],[26.772,37.207],[26.775,37.209],[26.78,37.21],[26.787,37.207],[26.789,37.202],[26.767,37.187]]],[[[23.157,37.24],[23.135,37.237],[23.13,37.237],[23.123,37.242],[23.098,37.271],[23.096,37.274],[23.097,37.277],[23.099,37.279],[23.115,37.283],[23.119,37.284],[23.125,37.283],[23.135,37.28],[23.151,37.273],[23.16,37.266],[23.166,37.262],[23.168,37.259],[23.167,37.256],[23.162,37.246],[23.16,37.242],[23.157,37.24]]],[[[23.411,37.301],[23.4,37.296],[23.378,37.299],[23.374,37.3],[23.374,37.302],[23.386,37.311],[23.389,37.313],[23.477,37.353],[23.516,37.365],[23.521,37.366],[23.552,37.369],[23.562,37.369],[23.582,37.366],[23.583,37.364],[23.575,37.356],[23.5,37.317],[23.496,37.315],[23.449,37.313],[23.415,37.302],[23.411,37.301]]],[[[24.379,37.306],[24.369,37.427],[24.443,37.482],[24.483,37.398],[24.379,37.306]]],[[[25.359,37.408],[25.314,37.488],[25.464,37.47],[25.359,37.408]]],[[[24.952,37.386],[24.884,37.364],[24.89,37.512],[24.952,37.386]]],[[[23.498,37.505],[23.484,37.504],[23.452,37.509],[23.447,37.511],[23.433,37.523],[23.433,37.527],[23.484,37.538],[23.518,37.526],[23.523,37.524],[23.523,37.521],[23.516,37.513],[23.51,37.508],[23.506,37.506],[23.498,37.505]]],[[[25.228,37.534],[25.114,37.551],[24.976,37.676],[25.239,37.622],[25.228,37.534]]],[[[24.299,37.526],[24.298,37.655],[24.394,37.673],[24.299,37.526]]],[[[26.021,37.514],[25.975,37.531],[26.068,37.632],[26.361,37.687],[26.215,37.559],[26.021,37.514]]],[[[23.513,37.692],[23.426,37.762],[23.564,37.763],[23.513,37.692]]],[[[27.069,37.712],[26.818,37.637],[26.711,37.708],[26.597,37.675],[26.572,37.731],[26.749,37.811],[27.029,37.772],[27.069,37.712]]],[[[20.898,37.805],[20.994,37.699],[20.87,37.726],[20.831,37.646],[20.622,37.861],[20.7,37.93],[20.898,37.805]]],[[[24.792,37.998],[24.963,37.872],[24.96,37.686],[24.713,37.873],[24.692,37.959],[24.792,37.998]]],[[[23.462,37.879],[23.406,37.895],[23.437,37.986],[23.539,37.986],[23.462,37.879]]],[[[20.612,38.394],[20.813,38.118],[20.793,38.06],[20.341,38.177],[20.399,38.326],[20.536,38.345],[20.539,38.471],[20.612,38.394]]],[[[20.736,38.31],[20.645,38.398],[20.649,38.5],[20.736,38.31]]],[[[26.026,38.177],[25.862,38.241],[25.992,38.344],[25.827,38.536],[25.862,38.584],[26.159,38.544],[26.16,38.301],[26.026,38.177]]],[[[20.903,38.546],[20.899,38.544],[20.896,38.545],[20.899,38.566],[20.914,38.583],[20.936,38.604],[20.939,38.605],[20.941,38.602],[20.94,38.594],[20.903,38.546]]],[[[25.6,38.532],[25.529,38.6],[25.613,38.59],[25.6,38.532]]],[[[20.644,38.581],[20.544,38.564],[20.558,38.684],[20.701,38.835],[20.723,38.626],[20.644,38.581]]],[[[24.683,38.798],[24.553,38.768],[24.458,38.963],[24.577,38.926],[24.683,38.798]]],[[[23.462,38.853],[23.847,38.682],[24.154,38.647],[24.247,38.232],[24.339,38.159],[24.569,38.147],[24.564,37.987],[24.387,37.994],[24.05,38.392],[23.642,38.419],[23.599,38.57],[23.196,38.833],[22.83,38.829],[23.293,39.039],[23.462,38.853]]],[[[23.737,39.075],[23.663,39.086],[23.591,39.204],[23.787,39.124],[23.737,39.075]]],[[[23.509,39.16],[23.392,39.152],[23.461,39.208],[23.509,39.16]]],[[[20.198,39.174],[20.178,39.174],[20.166,39.177],[20.163,39.179],[20.137,39.201],[20.124,39.221],[20.123,39.233],[20.124,39.236],[20.133,39.239],[20.137,39.24],[20.165,39.222],[20.187,39.203],[20.199,39.186],[20.202,39.176],[20.198,39.174]]],[[[23.862,39.137],[23.856,39.133],[23.851,39.135],[23.836,39.142],[23.834,39.148],[23.834,39.152],[23.924,39.26],[23.949,39.289],[23.954,39.29],[23.957,39.287],[23.957,39.285],[23.979,39.268],[23.979,39.264],[23.978,39.26],[23.922,39.179],[23.904,39.164],[23.862,39.137]]],[[[26.377,39.274],[26.614,39.012],[26.324,38.978],[26.087,39.075],[26.277,39.156],[26.262,39.202],[26.165,39.191],[26.068,39.084],[25.832,39.184],[25.908,39.287],[26.169,39.324],[26.222,39.383],[26.42,39.326],[26.377,39.274]]],[[[24.992,39.466],[25.006,39.563],[25.054,39.531],[24.992,39.466]]],[[[19.926,39.794],[19.847,39.649],[19.932,39.472],[20.072,39.454],[20.112,39.363],[19.88,39.446],[19.641,39.744],[19.673,39.793],[19.926,39.794]]],[[[19.404,39.844],[19.394,39.838],[19.388,39.839],[19.384,39.84],[19.378,39.845],[19.376,39.848],[19.378,39.866],[19.379,39.869],[19.382,39.871],[19.422,39.87],[19.428,39.87],[19.431,39.867],[19.429,39.864],[19.404,39.844]]],[[[25.442,40.005],[25.336,39.876],[25.356,39.786],[25.26,39.914],[25.179,39.847],[25.223,39.799],[25.054,39.861],[25.05,39.99],[25.442,40.005]]],[[[25.602,40.398],[25.444,40.476],[25.571,40.511],[25.695,40.466],[25.602,40.398]]],[[[24.773,40.632],[24.644,40.571],[24.509,40.658],[24.645,40.798],[24.761,40.749],[24.773,40.632]]],[[[26.294,41.708],[26.57,41.611],[26.635,41.359],[26.325,41.235],[26.361,40.956],[26.108,40.74],[26.045,40.736],[26.023,40.83],[25.176,40.942],[25.138,41.011],[24.801,40.852],[24.627,40.859],[24.561,40.952],[24.398,40.937],[24.316,40.829],[24.084,40.716],[23.846,40.787],[23.723,40.747],[23.69,40.673],[23.874,40.407],[24.182,40.347],[24.396,40.162],[24.301,40.12],[24.159,40.282],[23.908,40.367],[23.728,40.351],[23.691,40.298],[23.774,40.196],[23.992,40.111],[23.986,39.951],[23.827,40.026],[23.671,40.218],[23.414,40.281],[23.33,40.214],[23.368,40.144],[23.749,39.926],[23.379,39.993],[23.306,40.229],[22.899,40.397],[22.844,40.475],[22.982,40.549],[22.912,40.643],[22.591,40.477],[22.63,40.383],[22.547,40.148],[22.595,40.012],[22.71,39.955],[22.852,39.794],[22.929,39.584],[23.259,39.332],[23.345,39.178],[23.058,39.094],[23.221,39.185],[23.12,39.306],[22.938,39.359],[22.825,39.207],[23.073,39.037],[22.833,38.891],[22.612,38.909],[22.523,38.857],[22.954,38.752],[23.113,38.627],[23.316,38.645],[23.335,38.538],[23.535,38.499],[23.676,38.349],[24.074,38.197],[24.006,38.068],[24.069,37.689],[23.951,37.67],[23.887,37.783],[23.516,38.041],[22.991,37.881],[23.104,37.842],[23.162,37.617],[23.329,37.532],[23.326,37.607],[23.406,37.588],[23.514,37.429],[23.271,37.401],[23.177,37.291],[23.066,37.359],[23.129,37.448],[22.726,37.568],[22.759,37.408],[23.114,36.775],[23.032,36.733],[23.034,36.632],[23.198,36.432],[22.97,36.521],[22.786,36.799],[22.634,36.804],[22.482,36.606],[22.489,36.386],[22.153,37.022],[21.937,36.988],[21.962,36.798],[21.881,36.72],[21.822,36.805],[21.704,36.815],[21.712,36.944],[21.564,37.153],[21.695,37.305],[21.65,37.442],[21.294,37.779],[21.106,37.847],[21.127,37.937],[21.316,38.029],[21.384,38.211],[21.612,38.152],[21.78,38.308],[21.959,38.329],[22.224,38.182],[22.652,38.076],[22.868,37.938],[22.979,37.982],[22.855,38.035],[23.169,38.074],[23.226,38.153],[22.781,38.233],[22.403,38.448],[22.379,38.334],[21.948,38.409],[21.533,38.312],[21.351,38.433],[21.148,38.304],[20.989,38.67],[20.732,38.801],[20.781,38.932],[21.03,38.931],[21.087,38.864],[21.139,39.016],[20.822,39.114],[20.758,39.021],[20.829,38.958],[20.736,38.951],[20.48,39.274],[20.29,39.327],[20.189,39.619],[20.01,39.691],[20.222,39.648],[20.319,39.729],[20.291,39.807],[20.412,39.816],[20.316,39.993],[20.672,40.098],[20.792,40.432],[21.041,40.562],[20.983,40.856],[21.42,40.919],[21.6,40.873],[21.792,40.933],[21.981,41.134],[22.721,41.143],[22.804,41.347],[23.181,41.323],[23.295,41.406],[23.636,41.378],[23.979,41.441],[24.093,41.55],[24.254,41.57],[24.466,41.552],[24.809,41.352],[24.899,41.412],[25.037,41.37],[25.28,41.243],[25.568,41.322],[25.979,41.319],[26.14,41.355],[26.198,41.439],[26.074,41.712],[26.294,41.708]]]]}},{"type":"Feature","properties":{"ISO2":"HR","NAME":"Croatia"},"geometry":{"type":"MultiPolygon","coordinates":[[[[16.904,42.726],[16.814,42.768],[16.94,42.768],[16.904,42.726]]],[[[17.745,42.692],[17.74,42.692],[17.727,42.698],[17.7,42.706],[17.689,42.708],[17.635,42.718],[17.611,42.721],[17.549,42.728],[17.372,42.757],[17.359,42.762],[17.335,42.772],[17.329,42.777],[17.322,42.788],[17.325,42.79],[17.363,42.802],[17.378,42.802],[17.399,42.798],[17.662,42.737],[17.667,42.735],[17.731,42.71],[17.74,42.703],[17.746,42.694],[17.745,42.692]]],[[[16.821,42.96],[17.045,42.975],[17.184,42.919],[16.866,42.898],[16.661,42.921],[16.708,42.957],[16.633,42.981],[16.821,42.96]]],[[[17.299,43.007],[17.662,42.875],[17.698,42.927],[17.797,42.904],[18.269,42.618],[18.397,42.614],[18.526,42.398],[17.877,42.768],[17.004,43.047],[17.299,43.007]]],[[[16.208,43.022],[16.064,43.011],[16.051,43.063],[16.252,43.072],[16.208,43.022]]],[[[16.562,43.231],[16.72,43.162],[17.19,43.126],[16.654,43.12],[16.373,43.194],[16.582,43.184],[16.562,43.231]]],[[[16.852,43.269],[16.405,43.33],[16.43,43.391],[16.753,43.363],[16.887,43.317],[16.852,43.269]]],[[[16.391,43.333],[16.377,43.329],[16.372,43.33],[16.314,43.346],[16.209,43.383],[16.206,43.385],[16.198,43.404],[16.197,43.407],[16.198,43.412],[16.207,43.414],[16.239,43.414],[16.252,43.413],[16.28,43.408],[16.326,43.394],[16.331,43.392],[16.39,43.341],[16.391,43.337],[16.391,43.333]]],[[[15.687,43.631],[15.684,43.631],[15.667,43.637],[15.641,43.651],[15.609,43.672],[15.607,43.675],[15.611,43.676],[15.628,43.673],[15.632,43.673],[15.662,43.666],[15.666,43.664],[15.703,43.637],[15.687,43.631]]],[[[15.346,43.809],[15.377,43.776],[15.225,43.873],[15.346,43.809]]],[[[15.447,43.887],[15.442,43.886],[15.415,43.89],[15.409,43.891],[15.351,43.926],[15.303,43.959],[15.262,44.002],[15.261,44.007],[15.266,44.01],[15.272,44.011],[15.283,44.01],[15.377,43.968],[15.383,43.963],[15.445,43.898],[15.448,43.891],[15.447,43.887]]],[[[15.251,44.017],[15.244,44.015],[15.179,44.051],[15.13,44.084],[15.069,44.133],[15.062,44.154],[15.062,44.157],[15.067,44.157],[15.156,44.109],[15.173,44.1],[15.243,44.053],[15.248,44.048],[15.256,44.023],[15.251,44.017]]],[[[14.855,44.175],[15.226,43.901],[15.137,43.896],[14.816,44.153],[14.855,44.175]]],[[[14.839,44.61],[15.04,44.526],[15.075,44.479],[14.914,44.542],[15.249,44.328],[15.125,44.312],[15.117,44.379],[14.907,44.481],[14.733,44.698],[14.839,44.61]]],[[[14.522,44.474],[14.367,44.59],[14.338,44.71],[14.522,44.474]]],[[[14.757,44.804],[14.865,44.707],[14.659,44.795],[14.727,44.797],[14.724,44.853],[14.757,44.804]]],[[[14.455,44.91],[14.531,44.633],[14.493,44.606],[14.294,44.907],[14.4,44.915],[14.275,45.103],[14.315,45.175],[14.476,44.96],[14.455,44.91]]],[[[14.756,44.941],[14.429,45.078],[14.524,45.145],[14.539,45.239],[14.813,44.988],[14.756,44.941]]],[[[16.573,46.475],[17.157,46.178],[17.311,45.975],[17.577,45.941],[17.669,45.835],[18.424,45.749],[18.817,45.913],[18.959,45.779],[18.902,45.57],[19.1,45.516],[19.0,45.491],[18.98,45.379],[19.424,45.226],[19.411,45.175],[19.164,45.212],[19.116,45.032],[19.004,44.904],[19.04,44.861],[18.957,44.853],[18.794,44.895],[18.794,44.997],[18.634,45.083],[18.252,45.139],[18.197,45.082],[17.852,45.049],[17.69,45.123],[17.177,45.149],[16.914,45.266],[16.824,45.187],[16.526,45.224],[16.292,44.999],[16.015,45.218],[15.787,45.172],[15.737,44.812],[15.957,44.7],[16.126,44.499],[16.198,44.354],[16.143,44.199],[16.265,44.189],[16.355,44.082],[16.537,44.014],[16.976,43.586],[17.262,43.46],[17.298,43.281],[17.63,43.077],[17.668,42.961],[17.519,42.952],[16.884,43.403],[16.465,43.539],[15.988,43.504],[15.916,43.571],[15.941,43.684],[15.452,43.926],[15.152,44.196],[15.121,44.278],[15.289,44.247],[15.269,44.33],[15.53,44.263],[15.277,44.364],[14.896,44.692],[14.921,44.967],[14.839,45.114],[14.325,45.353],[14.154,45.08],[14.167,44.981],[13.997,44.896],[13.996,44.808],[13.907,44.771],[13.603,45.158],[13.496,45.491],[13.704,45.444],[14.398,45.487],[14.601,45.675],[14.818,45.466],[14.979,45.5],[15.174,45.426],[15.277,45.463],[15.368,45.703],[15.29,45.689],[15.309,45.752],[15.698,45.844],[15.718,46.047],[15.6,46.142],[15.655,46.219],[16.266,46.419],[16.293,46.531],[16.573,46.475]]]]}},{"type":"Feature","properties":{"ISO2":"HU","NAME":"Hungary"},"geometry":{"type":"Polygon","coordinates":[[[18.817,45.913],[18.424,45.749],[17.669,45.835],[17.577,45.941],[17.311,45.975],[17.157,46.178],[16.532,46.508],[16.324,46.757],[16.346,46.847],[16.112,46.87],[16.303,47.011],[16.511,47.007],[16.421,47.209],[16.492,47.28],[16.452,47.415],[16.592,47.425],[16.714,47.544],[16.645,47.632],[16.427,47.671],[16.561,47.757],[16.762,47.685],[17.054,47.709],[17.108,47.971],[17.237,48.026],[17.784,47.747],[18.671,47.761],[18.85,47.818],[18.759,47.907],[18.849,48.051],[19.472,48.087],[19.524,48.206],[19.631,48.234],[19.919,48.13],[20.317,48.27],[20.54,48.537],[20.812,48.577],[21.153,48.511],[21.443,48.575],[21.777,48.341],[22.269,48.407],[22.379,48.246],[22.496,48.251],[22.621,48.102],[22.794,48.117],[22.886,48.04],[22.895,47.955],[22.774,47.836],[22.277,47.729],[22.186,47.599],[22.015,47.514],[22.01,47.381],[21.922,47.354],[21.791,47.12],[21.651,47.03],[21.696,47.001],[21.52,46.815],[21.522,46.713],[21.327,46.62],[21.177,46.296],[21.059,46.239],[20.82,46.275],[20.625,46.13],[20.487,46.181],[20.261,46.115],[20.112,46.167],[19.56,46.172],[19.286,45.989],[19.096,46.024],[18.817,45.913]]]}},{"type":"Feature","properties":{"ISO2":"IE","NAME":"Ireland"},"geometry":{"type":"MultiPolygon","coordinates":[[[[-9.656,53.222],[-9.725,53.268],[-9.661,53.28],[-9.656,53.222]]],[[[-9.964,54.019],[-9.955,53.877],[-10.269,53.975],[-9.964,54.019]]],[[[-8.437,54.944],[-8.443,54.944],[-8.449,54.945],[-8.453,54.948],[-8.455,54.951],[-8.454,54.955],[-8.451,54.958],[-8.444,54.957],[-8.439,54.955],[-8.436,54.952],[-8.435,54.948],[-8.437,54.944]]],[[[-8.519,54.964],[-8.527,54.964],[-8.553,54.966],[-8.558,54.967],[-8.562,54.97],[-8.564,54.973],[-8.564,54.989],[-8.55,55.008],[-8.547,55.012],[-8.539,55.016],[-8.531,55.016],[-8.527,55.014],[-8.493,54.997],[-8.491,54.995],[-8.484,54.976],[-8.486,54.971],[-8.489,54.97],[-8.519,54.964]]],[[[-7.406,54.953],[-7.553,54.763],[-7.928,54.699],[-7.752,54.594],[-8.172,54.464],[-7.821,54.199],[-7.33,54.113],[-7.146,54.225],[-7.161,54.337],[-7.025,54.417],[-6.876,54.345],[-6.625,54.039],[-6.339,54.116],[-6.105,54.003],[-6.351,54.014],[-6.382,53.949],[-6.255,53.834],[-6.214,53.636],[-6.081,53.564],[-6.15,53.386],[-6.225,53.354],[-6.036,53.114],[-6.013,52.945],[-6.218,52.66],[-6.211,52.538],[-6.362,52.393],[-6.499,52.356],[-6.322,52.24],[-6.358,52.181],[-6.789,52.217],[-6.902,52.166],[-6.995,52.283],[-7.005,52.136],[-7.579,52.1],[-7.588,51.992],[-7.725,51.938],[-7.851,51.977],[-7.889,51.89],[-8.166,51.792],[-8.244,51.807],[-8.176,51.854],[-8.211,51.884],[-8.421,51.884],[-8.335,51.867],[-8.313,51.739],[-8.694,51.574],[-9.112,51.548],[-9.234,51.481],[-9.378,51.471],[-9.455,51.531],[-9.818,51.446],[-9.592,51.61],[-9.845,51.548],[-9.452,51.688],[-9.536,51.75],[-10.133,51.593],[-9.997,51.719],[-9.578,51.872],[-10.102,51.752],[-10.205,51.847],[-10.339,51.783],[-10.372,51.879],[-10.264,51.988],[-9.758,52.149],[-10.444,52.092],[-10.465,52.18],[-10.169,52.287],[-9.741,52.245],[-9.836,52.287],[-9.84,52.38],[-9.652,52.562],[-8.818,52.666],[-9.028,52.731],[-9.167,52.617],[-9.554,52.638],[-9.936,52.556],[-9.486,52.801],[-9.395,52.927],[-9.473,52.941],[-9.267,53.149],[-8.938,53.141],[-8.941,53.264],[-9.608,53.232],[-9.563,53.383],[-9.787,53.294],[-9.905,53.317],[-9.806,53.417],[-9.959,53.372],[-10.176,53.408],[-10.186,53.55],[-9.695,53.599],[-9.913,53.648],[-9.906,53.759],[-9.588,53.784],[-9.614,53.835],[-9.561,53.86],[-9.941,53.867],[-9.913,53.949],[-9.788,53.942],[-9.936,54.061],[-10.006,54.219],[-10.084,54.149],[-10.067,54.089],[-10.124,54.096],[-10.112,54.23],[-10.003,54.301],[-9.884,54.258],[-9.974,54.213],[-9.893,54.208],[-9.797,54.335],[-9.336,54.317],[-9.212,54.275],[-9.132,54.16],[-9.041,54.287],[-8.472,54.274],[-8.668,54.349],[-8.284,54.473],[-8.188,54.634],[-8.584,54.61],[-8.801,54.692],[-8.316,54.87],[-8.46,54.938],[-8.385,54.942],[-8.457,54.999],[-8.318,55.109],[-7.794,55.243],[-7.811,55.176],[-7.712,55.159],[-7.697,55.093],[-7.699,55.214],[-7.716,55.171],[-7.792,55.212],[-7.657,55.274],[-7.525,55.121],[-7.681,54.948],[-7.447,55.054],[-7.551,55.209],[-7.512,55.274],[-7.391,55.29],[-7.394,55.379],[-6.932,55.236],[-7.406,54.953]]]]}},{"type":"Feature","properties":{"ISO2":"IS","NAME":"Iceland"},"geometry":{"type":"Polygon","coordinates":[[[-15.071,66.144],[-15.178,66.112],[-15.011,66.05],[-14.715,66.064],[-14.619,65.994],[-14.622,65.911],[-14.801,65.829],[-14.848,65.731],[-14.337,65.783],[-14.313,65.67],[-14.564,65.495],[-14.284,65.656],[-13.864,65.611],[-13.611,65.51],[-13.739,65.314],[-13.57,65.259],[-14.035,65.193],[-13.622,65.192],[-13.499,65.069],[-13.679,64.982],[-13.988,65.064],[-14.007,65.018],[-13.7,64.922],[-14.051,64.934],[-13.765,64.861],[-14.041,64.786],[-14.018,64.724],[-14.25,64.689],[-14.511,64.797],[-14.366,64.674],[-14.584,64.587],[-14.46,64.547],[-14.539,64.406],[-14.71,64.408],[-14.925,64.264],[-15.383,64.372],[-15.389,64.275],[-16.016,64.133],[-16.489,63.896],[-16.805,63.826],[-16.967,63.917],[-17.023,63.794],[-17.87,63.732],[-17.973,63.669],[-17.861,63.602],[-17.933,63.528],[-18.71,63.391],[-20.197,63.542],[-20.541,63.707],[-20.477,63.768],[-20.311,63.73],[-20.362,63.762],[-20.585,63.719],[-20.731,63.76],[-20.602,63.765],[-20.674,63.847],[-20.846,63.791],[-21.184,63.881],[-21.189,63.929],[-21.054,63.945],[-21.258,63.943],[-21.619,63.824],[-22.326,63.861],[-22.689,63.806],[-22.74,63.983],[-22.703,64.081],[-22.523,63.978],[-22.046,64.047],[-21.915,64.107],[-21.973,64.157],[-21.699,64.179],[-21.88,64.232],[-21.759,64.34],[-21.363,64.385],[-21.678,64.401],[-21.939,64.304],[-22.103,64.314],[-21.979,64.501],[-21.702,64.608],[-21.497,64.566],[-21.68,64.618],[-21.508,64.646],[-22.171,64.454],[-22.355,64.561],[-22.41,64.651],[-22.3,64.704],[-22.407,64.812],[-23.392,64.823],[-23.84,64.726],[-24.06,64.891],[-23.649,64.892],[-23.19,65.016],[-21.836,65.03],[-21.737,65.199],[-22.071,65.105],[-22.561,65.171],[-22.354,65.289],[-21.699,65.449],[-22.038,65.499],[-22.223,65.424],[-22.335,65.481],[-22.109,65.595],[-22.474,65.505],[-23.15,65.548],[-23.229,65.483],[-23.879,65.402],[-24.183,65.496],[-24.542,65.498],[-24.318,65.637],[-23.806,65.531],[-24.068,65.629],[-23.803,65.608],[-24.059,65.69],[-24.106,65.807],[-23.62,65.7],[-23.527,65.628],[-23.344,65.666],[-23.537,65.719],[-23.226,65.742],[-23.192,65.776],[-23.744,65.776],[-23.873,65.867],[-23.793,65.919],[-23.213,65.837],[-23.819,66.013],[-23.767,66.071],[-23.371,65.987],[-23.666,66.111],[-23.474,66.199],[-23.031,66.105],[-22.81,65.994],[-22.678,66.045],[-22.577,65.963],[-22.653,65.827],[-22.5,65.966],[-22.419,65.916],[-22.468,65.834],[-22.425,65.847],[-22.398,65.956],[-22.5,66.077],[-22.972,66.221],[-22.434,66.268],[-23.189,66.35],[-22.938,66.466],[-22.422,66.433],[-22.203,66.272],[-21.97,66.273],[-21.766,66.186],[-21.651,66.019],[-21.619,66.061],[-21.399,66.027],[-21.393,65.983],[-21.603,65.953],[-21.289,65.925],[-21.338,65.733],[-21.589,65.688],[-21.778,65.766],[-21.648,65.651],[-21.309,65.597],[-21.084,65.159],[-21.095,65.452],[-20.978,65.431],[-20.927,65.589],[-20.664,65.691],[-20.644,65.543],[-20.447,65.495],[-20.263,65.724],[-20.424,66.083],[-20.179,66.129],[-20.091,66.122],[-19.922,65.937],[-19.7,65.862],[-19.636,65.747],[-19.452,65.726],[-19.39,65.833],[-19.485,65.941],[-19.453,66.056],[-19.08,66.077],[-19.065,66.162],[-18.784,66.191],[-18.548,66.082],[-18.536,65.97],[-18.283,65.909],[-18.069,65.643],[-18.062,65.824],[-18.293,66.012],[-18.299,66.175],[-17.913,66.146],[-17.609,65.987],[-17.419,65.984],[-17.266,66.167],[-17.131,66.211],[-16.595,66.091],[-16.689,66.159],[-16.417,66.271],[-16.577,66.475],[-16.528,66.508],[-16.022,66.536],[-15.854,66.417],[-15.71,66.397],[-15.682,66.341],[-15.75,66.292],[-15.691,66.224],[-15.382,66.143],[-14.944,66.379],[-14.711,66.367],[-15.007,66.275],[-14.936,66.203],[-15.071,66.144]]]}},{"type":"Feature","properties":{"ISO2":"IT","NAME":"Italy"},"geometry":{"type":"MultiPolygon","coordinates":[[[[12.128,47.002],[12.441,46.691],[13.719,46.527],[13.689,46.447],[13.384,46.293],[13.416,46.213],[13.669,46.177],[13.48,46.011],[13.632,45.991],[13.598,45.811],[13.789,45.754],[13.919,45.637],[13.717,45.596],[13.805,45.614],[13.55,45.787],[13.392,45.672],[13.411,45.724],[13.131,45.772],[13.07,45.715],[13.086,45.636],[12.421,45.431],[12.581,45.547],[12.48,45.566],[12.281,45.468],[12.161,45.264],[12.539,44.961],[12.442,44.814],[12.412,44.899],[12.397,44.791],[12.286,44.841],[12.246,44.716],[12.28,44.476],[12.416,44.196],[12.682,43.991],[13.622,43.554],[14.017,42.67],[14.504,42.261],[14.716,42.172],[14.74,42.086],[15.171,41.923],[16.142,41.914],[16.19,41.781],[15.9,41.616],[15.932,41.478],[17.18,41.031],[17.475,40.828],[18.012,40.644],[18.04,40.554],[18.426,40.287],[18.512,40.137],[18.349,39.792],[18.044,39.934],[18.015,40.098],[17.859,40.284],[17.509,40.297],[17.204,40.407],[17.316,40.497],[17.069,40.52],[16.914,40.446],[16.608,40.087],[16.487,39.767],[16.543,39.65],[16.741,39.617],[17.151,39.39],[17.109,39.263],[17.169,38.963],[17.104,38.895],[16.929,38.936],[16.595,38.801],[16.532,38.703],[16.571,38.431],[16.166,38.139],[16.062,37.924],[15.756,37.921],[15.632,38.012],[15.631,38.232],[15.81,38.295],[15.921,38.518],[15.833,38.639],[16.179,38.745],[16.223,38.911],[16.101,39.019],[16.034,39.345],[15.807,39.681],[15.783,39.867],[15.667,40.031],[15.52,40.073],[15.36,39.998],[14.942,40.234],[14.991,40.399],[14.777,40.672],[14.327,40.573],[14.458,40.743],[14.267,40.842],[14.074,40.822],[13.713,41.251],[13.294,41.296],[13.032,41.255],[12.892,41.396],[12.576,41.507],[12.117,41.927],[11.828,42.029],[11.623,42.302],[11.375,42.405],[11.099,42.393],[11.181,42.476],[11.158,42.555],[10.531,43.045],[10.522,43.249],[10.323,43.475],[10.252,43.843],[10.107,44.008],[9.715,44.115],[9.234,44.346],[8.749,44.429],[8.449,44.288],[8.415,44.19],[8.268,44.136],[8.068,43.893],[7.532,43.782],[7.495,43.882],[7.708,44.079],[7.662,44.171],[7.348,44.132],[7.031,44.247],[6.877,44.377],[6.853,44.541],[7.028,44.745],[7.032,44.831],[6.747,44.919],[6.62,45.11],[7.065,45.223],[7.159,45.377],[6.81,45.728],[6.819,45.839],[7.038,45.932],[7.189,45.879],[7.537,45.982],[7.856,45.919],[8.149,46.149],[8.14,46.226],[8.303,46.422],[8.436,46.463],[8.446,46.246],[8.618,46.12],[8.826,46.097],[8.813,45.989],[8.951,45.845],[9.037,45.838],[9.086,45.902],[8.998,45.977],[9.277,46.292],[9.25,46.448],[9.297,46.504],[9.455,46.472],[9.543,46.307],[9.944,46.38],[10.063,46.223],[10.13,46.227],[10.177,46.272],[10.154,46.39],[10.047,46.446],[10.05,46.54],[10.233,46.64],[10.306,46.554],[10.465,46.546],[10.471,46.871],[10.679,46.875],[11.015,46.773],[11.186,46.97],[11.484,47.014],[11.756,46.977],[12.231,47.081],[12.128,47.002]],[[12.459,43.896],[12.51,43.987],[12.405,43.948],[12.459,43.896]],[[12.445,41.903],[12.457,41.901],[12.452,41.908],[12.445,41.903]]],[[[12.423,45.421],[12.426,45.419],[12.427,45.415],[12.422,45.414],[12.378,45.42],[12.374,45.416],[12.345,45.385],[12.336,45.372],[12.328,45.359],[12.327,45.356],[12.324,45.344],[12.316,45.351],[12.361,45.416],[12.368,45.424],[12.373,45.428],[12.379,45.43],[12.391,45.431],[12.402,45.43],[12.423,45.421]]],[[[9.844,43.034],[9.807,43.01],[9.804,43.064],[9.844,43.034]]],[[[10.441,42.844],[10.423,42.709],[10.102,42.772],[10.441,42.844]]],[[[10.088,42.572],[10.083,42.571],[10.075,42.575],[10.069,42.592],[10.08,42.616],[10.082,42.619],[10.088,42.618],[10.09,42.615],[10.102,42.594],[10.099,42.584],[10.097,42.58],[10.088,42.572]]],[[[10.916,42.325],[10.912,42.324],[10.904,42.327],[10.869,42.356],[10.866,42.359],[10.864,42.366],[10.878,42.388],[10.881,42.389],[10.892,42.387],[10.896,42.386],[10.912,42.372],[10.914,42.369],[10.928,42.339],[10.926,42.336],[10.919,42.328],[10.916,42.325]]],[[[10.317,42.317],[10.306,42.317],[10.295,42.318],[10.292,42.32],[10.29,42.323],[10.289,42.327],[10.289,42.339],[10.289,42.343],[10.293,42.35],[10.297,42.352],[10.302,42.352],[10.315,42.349],[10.323,42.346],[10.326,42.343],[10.328,42.328],[10.328,42.325],[10.317,42.317]]],[[[9.513,41.147],[9.634,40.989],[9.504,40.918],[9.613,40.921],[9.826,40.526],[9.623,40.256],[9.714,40.041],[9.569,39.151],[9.443,39.124],[9.018,39.266],[9.043,39.045],[8.859,38.879],[8.646,38.89],[8.507,39.061],[8.407,38.959],[8.357,39.108],[8.469,39.096],[8.366,39.226],[8.434,39.289],[8.371,39.375],[8.443,39.757],[8.504,39.726],[8.557,39.866],[8.395,39.903],[8.462,40.227],[8.367,40.493],[8.301,40.589],[8.144,40.592],[8.192,40.914],[8.228,40.941],[8.356,40.836],[8.601,40.847],[8.81,40.934],[9.176,41.246],[9.513,41.147]]],[[[8.339,41.062],[8.215,40.992],[8.321,41.121],[8.339,41.062]]],[[[12.964,40.884],[12.96,40.882],[12.955,40.883],[12.952,40.886],[12.95,40.888],[12.946,40.896],[12.944,40.899],[12.946,40.906],[12.95,40.918],[12.953,40.919],[12.97,40.927],[12.988,40.931],[12.976,40.898],[12.974,40.895],[12.964,40.884]]],[[[13.951,40.701],[13.892,40.692],[13.864,40.701],[13.857,40.705],[13.852,40.711],[13.854,40.735],[13.866,40.758],[13.879,40.761],[13.884,40.76],[13.943,40.744],[13.948,40.742],[13.951,40.74],[13.954,40.738],[13.958,40.731],[13.965,40.719],[13.965,40.714],[13.951,40.701]]],[[[14.211,40.561],[14.241,40.555],[14.246,40.556],[14.25,40.557],[14.258,40.56],[14.262,40.558],[14.262,40.556],[14.257,40.551],[14.255,40.548],[14.254,40.544],[14.251,40.542],[14.245,40.547],[14.239,40.548],[14.231,40.546],[14.219,40.541],[14.202,40.536],[14.197,40.537],[14.196,40.54],[14.198,40.553],[14.199,40.557],[14.201,40.56],[14.211,40.561]]],[[[8.292,39.094],[8.224,39.165],[8.303,39.19],[8.292,39.094]]],[[[15.214,38.771],[15.208,38.771],[15.191,38.781],[15.189,38.787],[15.19,38.791],[15.209,38.808],[15.212,38.811],[15.216,38.812],[15.227,38.811],[15.239,38.806],[15.242,38.804],[15.242,38.799],[15.23,38.781],[15.227,38.778],[15.218,38.772],[15.214,38.771]]],[[[13.173,38.69],[13.159,38.689],[13.155,38.69],[13.152,38.692],[13.152,38.696],[13.162,38.714],[13.165,38.716],[13.173,38.72],[13.181,38.721],[13.185,38.719],[13.196,38.714],[13.198,38.711],[13.199,38.707],[13.196,38.705],[13.181,38.694],[13.178,38.692],[13.173,38.69]]],[[[14.868,38.531],[14.795,38.568],[14.869,38.578],[14.868,38.531]]],[[[14.955,38.446],[14.912,38.517],[14.964,38.517],[14.955,38.446]]],[[[14.989,38.364],[14.984,38.364],[14.98,38.366],[14.956,38.38],[14.953,38.382],[14.941,38.399],[14.94,38.403],[14.946,38.418],[14.959,38.431],[14.963,38.432],[14.966,38.43],[14.997,38.395],[15.004,38.379],[15.004,38.375],[15.0,38.369],[14.993,38.365],[14.989,38.364]]],[[[15.529,38.137],[15.22,37.764],[15.178,37.576],[15.087,37.479],[15.094,37.343],[15.229,37.126],[15.303,37.102],[15.317,37.009],[15.149,36.91],[15.095,36.8],[15.136,36.678],[15.081,36.649],[14.554,36.78],[14.246,37.062],[13.881,37.101],[13.159,37.491],[12.921,37.574],[12.657,37.559],[12.422,37.796],[12.556,38.06],[12.734,38.14],[12.931,38.026],[13.063,38.079],[13.101,38.185],[13.317,38.218],[13.383,38.107],[13.769,37.971],[13.948,38.031],[14.519,38.043],[14.874,38.171],[15.087,38.121],[15.524,38.295],[15.652,38.27],[15.529,38.137]]],[[[12.074,37.954],[12.077,37.945],[12.047,37.954],[12.044,37.956],[12.029,37.984],[12.03,37.987],[12.059,37.989],[12.061,37.987],[12.074,37.954]]],[[[12.354,37.906],[12.349,37.906],[12.293,37.917],[12.284,37.919],[12.272,37.933],[12.271,37.936],[12.274,37.939],[12.279,37.939],[12.313,37.939],[12.334,37.936],[12.339,37.934],[12.365,37.923],[12.366,37.92],[12.364,37.912],[12.358,37.908],[12.354,37.906]]],[[[12.016,36.738],[11.931,36.83],[12.048,36.797],[12.016,36.738]]]]}},{"type":"Feature","properties":{"ISO2":"LT","NAME":"Lithuania"},"geometry":{"type":"MultiPolygon","coordinates":[[[[21.044,55.326],[20.943,55.287],[21.089,55.515],[21.09,55.72],[21.135,55.629],[21.044,55.326]]],[[[25.0,56.296],[25.134,56.189],[25.697,56.115],[26.191,55.867],[26.339,55.726],[26.613,55.675],[26.627,55.593],[26.456,55.341],[26.82,55.281],[26.521,55.148],[26.284,55.148],[26.161,54.977],[25.912,54.954],[25.789,54.87],[25.727,54.683],[25.764,54.579],[25.649,54.517],[25.547,54.333],[25.717,54.329],[25.808,54.248],[25.785,54.161],[25.534,54.147],[25.506,54.187],[25.577,54.24],[25.472,54.306],[25.072,54.135],[24.84,54.142],[24.821,53.977],[24.612,53.992],[24.387,53.889],[24.176,53.967],[23.504,53.947],[23.484,54.138],[23.35,54.239],[22.987,54.389],[22.786,54.364],[22.694,54.473],[22.719,54.691],[22.869,54.823],[22.602,55.047],[22.062,55.027],[21.381,55.287],[21.264,55.249],[21.256,55.366],[21.184,55.341],[21.247,55.463],[21.045,55.883],[21.052,56.077],[21.218,56.09],[21.346,56.236],[22.067,56.419],[22.691,56.357],[22.941,56.424],[23.096,56.306],[23.32,56.38],[23.949,56.332],[24.163,56.261],[24.558,56.288],[24.9,56.451],[25.0,56.296]]]]}},{"type":"Feature","properties":{"ISO2":"LU","NAME":"Luxembourg"},"geometry":{"type":"Polygon","coordinates":[[[6.026,50.181],[6.134,50.128],[6.131,50.014],[6.25,49.884],[6.524,49.809],[6.362,49.459],[6.23,49.508],[5.978,49.449],[5.81,49.539],[5.899,49.663],[5.748,49.793],[5.748,49.907],[5.889,50.104],[6.026,50.181]]]}},{"type":"Feature","properties":{"ISO2":"LV","NAME":"Latvia"},"geometry":{"type":"Polygon","coordinates":[[[21.069,56.436],[21.054,56.836],[21.392,57.022],[21.421,57.289],[21.733,57.577],[22.61,57.756],[22.637,57.589],[23.137,57.363],[23.259,57.098],[23.586,56.977],[23.786,56.97],[24.407,57.257],[24.315,57.872],[25.124,58.076],[25.247,57.992],[25.295,58.084],[25.623,57.916],[26.035,57.823],[26.299,57.611],[26.524,57.523],[26.898,57.634],[27.087,57.562],[27.547,57.536],[27.527,57.439],[27.861,57.302],[27.702,56.915],[27.939,56.824],[27.944,56.723],[28.238,56.271],[28.168,56.15],[27.929,56.113],[27.647,55.924],[27.599,55.792],[26.99,55.835],[26.85,55.711],[26.591,55.675],[26.339,55.726],[26.191,55.867],[25.697,56.115],[25.097,56.201],[24.9,56.451],[24.558,56.288],[24.163,56.261],[23.949,56.332],[23.32,56.38],[23.096,56.306],[22.941,56.424],[22.691,56.357],[22.067,56.419],[21.354,56.24],[21.218,56.09],[21.052,56.077],[20.972,56.246],[20.996,56.508],[21.069,56.436]]]}},{"type":"Feature","properties":{"ISO2":"MD","NAME":"Moldova"},"geometry":{"type":"Polygon","coordinates":[[[28.12,46.854],[28.08,46.984],[27.798,47.152],[27.299,47.659],[27.159,47.986],[27.001,48.156],[26.635,48.257],[26.649,48.298],[27.245,48.369],[27.52,48.465],[27.756,48.451],[28.086,48.307],[28.089,48.231],[28.352,48.243],[28.437,48.146],[28.803,48.127],[28.99,47.934],[29.142,47.986],[29.258,47.769],[29.131,47.548],[29.184,47.443],[29.252,47.455],[29.416,47.288],[29.579,47.329],[29.574,46.946],[29.95,46.814],[29.969,46.575],[29.899,46.53],[30.132,46.41],[29.866,46.346],[29.736,46.442],[29.627,46.369],[29.478,46.492],[29.224,46.365],[29.203,46.545],[28.994,46.478],[28.932,46.428],[28.95,46.289],[29.041,46.194],[28.972,46.007],[28.756,45.96],[28.762,45.847],[28.524,45.711],[28.523,45.518],[28.284,45.525],[28.215,45.449],[28.069,45.583],[28.167,45.67],[28.091,46.076],[28.252,46.436],[28.234,46.667],[28.12,46.854]]]}},{"type":"Feature","properties":{"ISO2":"ME","NAME":"Montenegro"},"geometry":{"type":"Polygon","coordinates":[[[18.456,42.566],[18.577,42.655],[18.456,42.826],[18.481,42.964],[18.65,43.044],[18.7,43.256],[18.914,43.358],[19.069,43.241],[19.094,43.309],[18.956,43.458],[19.007,43.556],[19.224,43.516],[19.648,43.182],[19.97,43.091],[20.383,42.836],[20.015,42.752],[19.977,42.704],[20.107,42.654],[20.071,42.561],[19.822,42.472],[19.747,42.543],[19.753,42.642],[19.646,42.618],[19.282,42.186],[19.4,42.105],[19.368,41.849],[19.155,41.946],[19.139,42.043],[18.883,42.279],[18.577,42.387],[18.556,42.431],[18.709,42.417],[18.675,42.463],[18.498,42.451],[18.456,42.566]]]}},{"type":"Feature","properties":{"ISO2":"MK","NAME":"North Macedonia"},"geometry":{"type":"Polygon","coordinates":[[[20.821,40.909],[20.734,40.912],[20.67,41.088],[20.601,41.093],[20.493,41.331],[20.562,41.408],[20.458,41.522],[20.569,41.875],[20.733,41.864],[20.808,42.09],[21.117,42.202],[21.305,42.148],[21.467,42.266],[21.721,42.233],[21.85,42.331],[22.083,42.301],[22.324,42.361],[22.521,42.149],[22.829,42.027],[23.033,41.728],[22.952,41.634],[22.961,41.359],[22.772,41.324],[22.729,41.145],[21.981,41.134],[21.792,40.933],[21.6,40.873],[21.42,40.919],[20.983,40.856],[20.944,40.919],[20.821,40.909]]]}},{"type":"Feature","properties":{"ISO2":"MT","NAME":"Malta"},"geometry":{"type":"MultiPolygon","coordinates":[[[[14.562,35.82],[14.375,35.847],[14.326,35.979],[14.51,35.925],[14.562,35.82]]],[[[14.268,36.011],[14.181,36.061],[14.341,36.034],[14.268,36.011]]]]}},{"type":"Feature","properties":{"ISO2":"NL","NAME":"Netherlands"},"geometry":{"type":"MultiPolygon","coordinates":[[[[3.764,51.345],[4.239,51.35],[3.897,51.205],[3.608,51.304],[3.439,51.244],[3.371,51.374],[3.538,51.412],[3.764,51.345]]],[[[5.764,52.415],[5.429,52.264],[5.136,52.38],[5.644,52.601],[5.856,52.544],[5.764,52.415]]],[[[5.423,52.636],[5.486,52.573],[5.447,52.513],[5.052,52.394],[5.112,52.474],[5.039,52.634],[5.149,52.617],[5.296,52.691],[5.423,52.636]]],[[[4.765,52.99],[4.714,53.056],[4.883,53.184],[4.909,53.091],[4.765,52.99]]],[[[4.957,53.238],[4.88,53.214],[5.106,53.303],[4.957,53.238]]],[[[5.213,53.35],[5.169,53.374],[5.582,53.448],[5.213,53.35]]],[[[6.872,53.416],[6.945,53.321],[7.208,53.243],[7.21,53.002],[7.07,52.815],[7.048,52.639],[6.768,52.652],[6.719,52.627],[6.759,52.565],[6.689,52.549],[6.764,52.459],[6.991,52.46],[7.066,52.386],[7.053,52.238],[6.759,52.115],[6.729,52.035],[6.831,51.971],[6.746,51.906],[6.351,51.848],[6.124,51.888],[5.963,51.808],[5.952,51.748],[6.222,51.466],[6.222,51.362],[6.076,51.24],[6.098,51.131],[5.865,51.046],[5.892,50.973],[6.026,50.978],[6.08,50.916],[6.012,50.757],[5.699,50.758],[5.641,50.84],[5.849,51.156],[5.568,51.221],[5.511,51.294],[5.239,51.262],[5.041,51.487],[4.93,51.399],[4.788,51.503],[4.651,51.423],[4.487,51.481],[4.394,51.45],[4.438,51.375],[4.388,51.357],[3.929,51.435],[3.823,51.39],[3.441,51.532],[3.569,51.597],[3.837,51.607],[3.903,51.565],[3.821,51.549],[4.007,51.525],[4.126,51.438],[4.286,51.449],[4.263,51.511],[3.99,51.585],[4.186,51.617],[3.967,51.614],[3.688,51.71],[3.885,51.744],[4.168,51.686],[4.02,51.794],[3.866,51.815],[4.061,51.86],[4.012,51.982],[4.138,51.996],[4.362,52.172],[4.584,52.462],[5.424,52.249],[5.878,52.509],[5.855,52.607],[5.599,52.659],[5.599,52.758],[5.718,52.838],[5.369,52.878],[5.421,52.964],[5.364,53.07],[5.1,52.948],[5.126,52.822],[5.304,52.707],[5.033,52.634],[5.093,52.5],[5.028,52.376],[4.58,52.472],[4.741,52.961],[4.888,52.896],[5.086,52.955],[5.386,53.097],[5.442,53.212],[5.573,53.288],[5.891,53.382],[6.742,53.466],[6.872,53.416]]],[[[5.699,53.463],[5.956,53.463],[5.633,53.442],[5.699,53.463]]],[[[6.135,53.454],[6.13,53.454],[6.126,53.458],[6.116,53.472],[6.117,53.475],[6.119,53.477],[6.136,53.491],[6.145,53.496],[6.149,53.497],[6.158,53.499],[6.303,53.511],[6.315,53.511],[6.332,53.508],[6.339,53.505],[6.341,53.503],[6.34,53.5],[6.338,53.499],[6.272,53.484],[6.235,53.476],[6.226,53.475],[6.163,53.472],[6.153,53.467],[6.135,53.454]]]]}},{"type":"Feature","properties":{"ISO2":"NO","NAME":"Norway"},"geometry":{"type":"MultiPolygon","coordinates":[[[[8.744,58.41],[8.732,58.41],[8.727,58.413],[8.73,58.424],[8.734,58.43],[8.737,58.435],[8.744,58.438],[8.752,58.439],[8.761,58.437],[8.761,58.421],[8.758,58.416],[8.752,58.412],[8.744,58.41]]],[[[5.778,58.947],[5.773,58.945],[5.761,58.946],[5.757,58.951],[5.755,58.956],[5.763,58.959],[5.77,58.957],[5.776,58.953],[5.778,58.947]]],[[[5.962,58.972],[5.954,58.97],[5.944,58.971],[5.945,58.977],[5.948,58.983],[5.959,58.984],[5.96,58.982],[5.962,58.972]]],[[[5.726,59.078],[5.716,59.077],[5.694,59.08],[5.553,59.126],[5.548,59.131],[5.565,59.143],[5.689,59.129],[5.713,59.12],[5.725,59.113],[5.736,59.098],[5.738,59.093],[5.738,59.086],[5.733,59.081],[5.726,59.078]]],[[[5.953,59.228],[5.91,59.274],[6.059,59.261],[5.953,59.228]]],[[[5.288,59.219],[5.26,59.148],[5.155,59.147],[5.184,59.412],[5.286,59.321],[5.288,59.219]]],[[[5.263,59.799],[5.345,59.704],[5.274,59.679],[5.289,59.751],[5.192,59.741],[5.201,59.614],[5.149,59.581],[5.07,59.774],[5.107,59.864],[5.263,59.799]]],[[[5.413,59.752],[5.305,59.793],[5.276,59.967],[5.468,59.886],[5.493,59.794],[5.413,59.752]]],[[[5.525,59.893],[5.361,59.992],[5.658,60.075],[5.66,59.994],[5.525,59.893]]],[[[5.268,60.005],[5.168,60.031],[5.173,60.122],[5.268,60.005]]],[[[5.955,60.089],[5.924,60.145],[6.017,60.147],[5.955,60.089]]],[[[5.217,60.242],[5.206,60.241],[5.199,60.244],[5.2,60.251],[5.206,60.255],[5.214,60.258],[5.226,60.258],[5.233,60.255],[5.231,60.249],[5.226,60.244],[5.217,60.242]]],[[[5.112,60.186],[4.947,60.249],[4.942,60.427],[5.089,60.326],[5.112,60.186]]],[[[5.195,60.409],[5.139,60.396],[5.001,60.531],[5.179,60.483],[5.195,60.409]]],[[[5.185,60.506],[4.927,60.605],[5.122,60.578],[5.185,60.506]]],[[[5.55,60.431],[5.36,60.524],[5.676,60.683],[5.682,60.473],[5.55,60.431]]],[[[5.158,60.582],[5.159,60.577],[5.148,60.577],[5.072,60.596],[5.062,60.598],[5.008,60.62],[4.994,60.627],[4.917,60.672],[4.906,60.68],[4.877,60.707],[4.854,60.732],[4.86,60.736],[4.872,60.735],[4.951,60.721],[4.98,60.715],[4.987,60.711],[5.13,60.616],[5.14,60.607],[5.156,60.587],[5.158,60.582]]],[[[4.696,60.987],[4.686,60.987],[4.642,61.0],[4.631,61.007],[4.623,61.016],[4.62,61.022],[4.622,61.054],[4.624,61.06],[4.628,61.064],[4.635,61.068],[4.653,61.073],[4.662,61.072],[4.669,61.069],[4.676,61.062],[4.718,61.0],[4.72,60.997],[4.715,60.992],[4.696,60.987]]],[[[4.986,61.104],[4.805,61.044],[4.788,61.146],[4.939,61.188],[4.986,61.104]]],[[[4.934,61.774],[4.804,61.841],[4.926,61.899],[5.222,61.846],[4.934,61.774]]],[[[5.068,61.923],[5.01,62.014],[5.127,61.992],[5.068,61.923]]],[[[5.648,62.187],[5.506,62.224],[5.565,62.288],[5.808,62.273],[5.789,62.209],[5.648,62.187]]],[[[5.841,62.24],[5.805,62.367],[5.978,62.411],[6.024,62.327],[5.841,62.24]]],[[[6.254,62.392],[6.023,62.436],[6.334,62.413],[6.254,62.392]]],[[[6.737,62.667],[6.65,62.681],[6.694,62.732],[6.919,62.709],[6.737,62.667]]],[[[6.886,62.777],[6.776,62.846],[6.941,62.844],[6.886,62.777]]],[[[7.548,62.948],[7.366,62.996],[7.399,63.057],[7.604,63.093],[7.712,63.002],[7.548,62.948]]],[[[7.81,63.023],[7.679,63.056],[7.915,63.079],[7.81,63.023]]],[[[8.269,63.159],[8.179,63.217],[8.309,63.163],[8.269,63.159]]],[[[8.06,63.142],[7.926,63.172],[8.098,63.236],[8.186,63.153],[8.06,63.142]]],[[[8.391,63.159],[8.27,63.266],[8.437,63.284],[8.576,63.189],[8.391,63.159]]],[[[8.512,63.319],[8.431,63.332],[8.542,63.386],[8.676,63.347],[8.512,63.319]]],[[[8.162,63.361],[7.985,63.309],[7.778,63.406],[8.092,63.467],[8.162,63.361]]],[[[8.494,63.428],[8.28,63.465],[8.615,63.609],[8.945,63.654],[9.176,63.565],[8.494,63.428]]],[[[8.808,63.81],[8.794,63.697],[8.27,63.679],[8.808,63.81]]],[[[11.063,63.76],[11.014,63.754],[11.229,63.803],[11.063,63.76]]],[[[11.454,64.514],[11.418,64.472],[11.176,64.507],[11.039,64.629],[11.454,64.514]]],[[[11.351,64.65],[11.311,64.597],[11.176,64.644],[11.351,64.65]]],[[[11.262,64.885],[11.129,64.829],[10.825,64.845],[11.106,64.95],[11.262,64.885]]],[[[11.111,64.966],[10.731,64.86],[10.778,64.919],[11.111,64.966]]],[[[11.637,65.065],[11.531,65.061],[11.773,65.114],[11.637,65.065]]],[[[12.156,65.051],[11.982,65.076],[12.184,65.208],[12.315,65.11],[12.156,65.051]]],[[[12.075,65.211],[12.258,65.576],[12.503,65.392],[12.075,65.211]]],[[[11.974,65.627],[11.901,65.583],[11.759,65.617],[11.894,65.704],[12.001,65.695],[11.974,65.627]]],[[[12.543,65.897],[12.415,65.894],[12.574,66.011],[12.904,66.009],[12.543,65.897]]],[[[12.352,66.022],[12.293,66.013],[12.563,66.218],[12.657,66.105],[12.352,66.022]]],[[[12.987,66.228],[12.931,66.226],[13.158,66.277],[12.987,66.228]]],[[[12.797,66.214],[12.716,66.247],[12.871,66.277],[12.797,66.214]]],[[[14.258,67.133],[14.192,66.999],[13.991,67.079],[14.258,67.133]]],[[[14.253,67.359],[14.226,67.356],[14.217,67.358],[14.221,67.363],[14.26,67.39],[14.268,67.395],[14.293,67.406],[14.329,67.421],[14.352,67.424],[14.366,67.426],[14.375,67.422],[14.376,67.417],[14.366,67.396],[14.359,67.384],[14.354,67.377],[14.347,67.373],[14.327,67.369],[14.253,67.359]]],[[[15.202,67.9],[14.932,67.924],[15.304,67.92],[15.202,67.9]]],[[[15.903,67.979],[15.862,67.976],[15.671,67.978],[15.614,67.976],[15.516,67.98],[15.504,67.983],[15.499,67.988],[15.504,67.994],[15.518,68.003],[15.529,68.006],[15.555,68.009],[15.608,68.014],[15.622,68.015],[15.652,68.016],[15.712,68.015],[15.743,68.015],[15.851,68.014],[15.865,68.011],[15.899,68.002],[15.918,67.995],[15.923,67.991],[15.923,67.985],[15.903,67.979]]],[[[12.842,67.809],[12.785,67.808],[12.944,68.006],[13.055,68.102],[13.156,68.081],[13.134,67.953],[12.842,67.809]]],[[[13.438,68.113],[13.383,68.029],[13.163,68.011],[13.299,68.15],[13.438,68.113]]],[[[14.871,68.212],[14.826,68.254],[14.941,68.268],[14.871,68.212]]],[[[13.968,68.238],[14.136,68.239],[13.698,68.064],[13.45,68.067],[13.573,68.264],[13.968,68.238]]],[[[13.973,68.253],[13.883,68.302],[13.991,68.31],[13.973,68.253]]],[[[14.204,68.239],[14.049,68.303],[14.214,68.301],[14.204,68.239]]],[[[15.026,68.355],[14.2,68.152],[14.317,68.315],[14.495,68.298],[14.431,68.356],[14.542,68.401],[14.805,68.418],[14.753,68.346],[14.896,68.429],[15.169,68.451],[15.026,68.355]]],[[[16.406,68.411],[16.094,68.397],[16.148,68.484],[16.327,68.534],[16.467,68.467],[16.406,68.411]]],[[[17.116,68.752],[16.813,68.728],[17.001,68.854],[17.116,68.752]]],[[[17.242,68.789],[17.084,68.91],[17.438,68.865],[17.242,68.789]]],[[[14.954,68.873],[14.839,68.882],[14.885,68.933],[14.969,68.92],[14.954,68.873]]],[[[15.988,68.752],[15.767,68.621],[15.739,68.526],[16.091,68.732],[16.087,68.814],[16.179,68.852],[16.446,68.844],[16.544,68.764],[16.565,68.652],[16.501,68.552],[16.222,68.547],[15.933,68.369],[15.869,68.364],[15.856,68.432],[15.589,68.305],[15.328,68.33],[15.589,68.478],[15.542,68.507],[15.554,68.466],[14.987,68.247],[15.244,68.473],[15.336,68.485],[15.182,68.522],[15.458,68.657],[15.452,68.73],[15.714,68.699],[15.452,68.762],[15.636,68.947],[15.909,68.957],[15.871,68.786],[15.988,68.752]]],[[[16.537,68.88],[16.261,68.967],[16.602,68.946],[16.537,68.88]]],[[[15.383,68.845],[15.396,68.677],[15.059,68.572],[14.804,68.618],[15.158,68.695],[15.15,68.749],[14.997,68.762],[15.067,68.738],[14.501,68.602],[14.371,68.684],[14.633,68.826],[14.887,68.754],[14.952,68.861],[15.149,68.812],[15.005,68.952],[15.088,69.008],[15.383,68.845]]],[[[17.417,68.996],[17.353,69.024],[17.561,69.095],[17.417,68.996]]],[[[15.523,68.906],[15.436,68.883],[15.421,68.973],[15.56,69.095],[15.994,69.288],[16.148,69.286],[16.082,69.153],[15.523,68.906]]],[[[17.637,69.516],[17.696,69.513],[17.652,69.594],[17.844,69.589],[18.074,69.431],[18.097,69.353],[17.909,69.321],[17.876,69.24],[18.004,69.19],[17.522,69.19],[17.093,69.004],[17.037,69.022],[17.136,69.075],[16.775,69.064],[16.801,69.116],[17.174,69.196],[16.876,69.221],[17.143,69.249],[16.897,69.3],[17.1,69.316],[16.876,69.356],[16.931,69.392],[17.49,69.422],[17.187,69.491],[17.365,69.478],[17.324,69.532],[17.59,69.455],[17.469,69.598],[17.637,69.516]]],[[[30.156,69.782],[30.144,69.781],[30.116,69.783],[30.111,69.787],[30.116,69.793],[30.126,69.797],[30.138,69.795],[30.148,69.791],[30.153,69.787],[30.156,69.782]]],[[[18.89,69.692],[18.794,69.672],[18.767,69.635],[18.846,69.598],[18.738,69.558],[18.191,69.53],[17.997,69.588],[18.269,69.619],[18.197,69.709],[18.632,69.69],[18.352,69.723],[18.324,69.774],[18.387,69.794],[18.634,69.763],[18.751,69.683],[18.693,69.884],[19.058,69.787],[18.89,69.692]]],[[[20.68,69.809],[20.573,69.798],[20.556,69.851],[20.739,69.905],[20.68,69.809]]],[[[29.827,69.757],[29.716,69.767],[29.842,69.91],[30.048,69.827],[29.827,69.757]]],[[[21.73,69.931],[21.694,69.926],[21.681,69.928],[21.672,69.931],[21.668,69.936],[21.669,69.942],[21.675,69.946],[21.699,69.951],[21.717,69.95],[21.731,69.947],[21.736,69.942],[21.735,69.936],[21.73,69.931]]],[[[19.567,69.852],[19.459,69.842],[19.798,70.001],[19.898,69.972],[19.783,69.868],[19.567,69.852]]],[[[19.959,70.006],[19.944,70.005],[19.916,70.008],[19.904,70.011],[19.899,70.016],[19.909,70.02],[19.955,70.021],[19.974,70.02],[19.989,70.017],[19.996,70.013],[19.959,70.006]]],[[[20.893,70.031],[21.102,70.005],[20.887,69.936],[20.758,69.99],[20.893,70.031]]],[[[21.001,70.02],[20.952,70.026],[21.049,70.05],[21.001,70.02]]],[[[19.301,70.026],[19.424,69.987],[19.528,70.052],[19.692,69.995],[19.395,69.828],[19.18,69.792],[18.721,69.934],[19.219,70.096],[19.301,70.026]]],[[[18.785,70.111],[19.003,70.084],[18.684,69.997],[18.714,70.131],[18.785,70.111]]],[[[20.92,70.079],[20.815,70.116],[20.861,70.149],[20.92,70.079]]],[[[19.608,70.102],[19.35,70.131],[19.431,70.178],[19.608,70.102]]],[[[20.832,70.194],[20.784,70.056],[20.385,70.099],[20.43,70.184],[20.578,70.231],[20.832,70.194]]],[[[19.185,70.122],[19.034,70.161],[19.234,70.254],[19.261,70.178],[19.185,70.122]]],[[[20.113,70.105],[19.77,70.065],[19.707,70.176],[19.536,70.248],[19.674,70.288],[20.113,70.105]]],[[[21.773,70.267],[21.697,70.289],[21.698,70.382],[21.841,70.35],[21.773,70.267]]],[[[22.835,70.332],[23.023,70.259],[22.573,70.269],[22.369,70.334],[22.664,70.391],[22.835,70.332]]],[[[23.596,70.578],[23.644,70.438],[23.231,70.278],[22.851,70.406],[23.19,70.548],[23.407,70.555],[23.389,70.62],[23.596,70.578]]],[[[23.871,70.512],[23.708,70.548],[23.634,70.696],[23.826,70.744],[24.126,70.615],[23.871,70.512]]],[[[23.452,70.784],[23.089,70.581],[22.784,70.52],[22.641,70.566],[22.621,70.515],[22.149,70.464],[22.268,70.597],[21.95,70.646],[22.534,70.712],[22.664,70.676],[22.606,70.636],[22.819,70.642],[22.716,70.742],[22.784,70.755],[22.981,70.659],[23.16,70.789],[23.34,70.784],[23.33,70.863],[23.452,70.784]]],[[[24.062,70.909],[23.881,70.994],[24.079,71.022],[24.244,70.952],[24.062,70.909]]],[[[24.799,71.024],[24.639,71.061],[24.854,71.09],[24.799,71.024]]],[[[5.337,61.593],[4.938,61.676],[5.41,61.911],[6.469,61.801],[6.764,61.868],[6.567,61.88],[6.491,61.825],[5.788,61.856],[5.727,61.887],[5.893,61.906],[5.434,61.935],[5.148,61.892],[5.101,61.916],[5.142,61.971],[5.404,62.016],[5.093,62.112],[5.078,62.178],[5.15,62.212],[5.464,62.006],[5.548,62.078],[5.389,62.117],[5.432,62.182],[5.859,62.198],[5.92,62.114],[6.357,62.055],[6.09,62.104],[5.918,62.216],[6.307,62.372],[6.563,62.152],[6.538,62.105],[6.586,62.147],[6.388,62.37],[6.71,62.444],[6.883,62.411],[6.872,62.357],[7.001,62.254],[6.94,62.112],[7.043,62.086],[7.09,62.098],[6.968,62.12],[7.032,62.167],[7.028,62.27],[7.416,62.232],[6.975,62.31],[6.915,62.362],[6.974,62.374],[6.781,62.478],[6.257,62.449],[6.65,62.498],[6.268,62.529],[6.247,62.575],[7.09,62.648],[7.539,62.499],[7.78,62.572],[7.498,62.562],[7.409,62.623],[7.825,62.73],[8.145,62.69],[8.0,62.764],[7.482,62.679],[7.368,62.726],[7.681,62.791],[7.626,62.795],[6.959,62.722],[6.992,62.857],[6.938,62.906],[7.036,62.967],[7.272,63.011],[7.461,62.911],[7.787,62.967],[7.677,62.908],[7.991,62.972],[8.086,62.939],[8.162,62.81],[8.548,62.654],[8.553,62.717],[8.184,62.841],[8.141,62.952],[7.879,63.011],[8.089,63.107],[8.358,62.881],[8.531,62.841],[8.415,62.953],[8.664,62.982],[8.374,62.971],[8.159,63.12],[8.938,63.207],[8.625,63.198],[8.478,63.294],[8.764,63.345],[8.653,63.409],[9.005,63.468],[9.231,63.354],[9.428,63.377],[9.479,63.403],[9.202,63.37],[9.15,63.484],[9.648,63.624],[9.717,63.63],[9.957,63.441],[9.976,63.356],[10.257,63.261],[10.264,63.333],[10.047,63.406],[10.279,63.464],[10.91,63.451],[10.76,63.51],[10.922,63.598],[10.659,63.55],[10.959,63.699],[11.456,63.787],[11.415,63.846],[11.091,63.878],[11.493,64.019],[11.319,64.032],[11.358,64.111],[11.306,64.116],[11.18,64.008],[10.574,63.805],[10.904,63.894],[11.077,63.837],[10.942,63.738],[10.048,63.496],[9.92,63.506],[9.789,63.662],[10.098,63.762],[9.56,63.659],[9.544,63.764],[10.19,63.931],[9.982,63.991],[10.166,64.19],[10.505,64.367],[10.652,64.353],[10.461,64.403],[10.495,64.424],[10.846,64.369],[10.791,64.438],[10.658,64.45],[10.901,64.49],[10.972,64.601],[11.273,64.452],[11.222,64.316],[11.504,64.542],[11.728,64.58],[11.516,64.568],[11.393,64.673],[11.438,64.711],[11.841,64.793],[11.643,64.818],[11.733,64.876],[12.224,64.937],[12.035,64.97],[11.236,64.734],[11.375,64.806],[11.234,64.816],[11.268,64.839],[11.701,64.9],[11.246,64.856],[11.297,64.884],[11.975,65.066],[12.149,65.039],[12.625,65.134],[12.94,65.308],[12.477,65.133],[12.366,65.161],[12.422,65.231],[12.68,65.251],[12.249,65.229],[12.538,65.378],[12.481,65.443],[12.638,65.419],[12.562,65.504],[12.396,65.542],[12.361,65.648],[12.508,65.729],[12.615,65.647],[12.789,65.636],[12.551,65.749],[12.668,65.917],[12.828,65.968],[13.175,65.849],[13.122,65.94],[12.932,65.975],[12.959,66.042],[12.674,66.067],[13.55,66.236],[13.55,66.101],[13.662,66.227],[13.999,66.249],[14.147,66.322],[13.027,66.186],[13.216,66.275],[13.536,66.304],[13.023,66.322],[13.171,66.406],[12.97,66.518],[13.726,66.602],[13.234,66.546],[13.196,66.663],[13.536,66.635],[13.228,66.712],[13.704,66.691],[13.893,66.729],[13.559,66.708],[13.555,66.752],[13.696,66.76],[13.504,66.785],[13.991,66.784],[13.692,66.83],[13.547,66.927],[13.957,66.92],[14.218,66.974],[14.304,67.054],[14.596,67.03],[14.265,67.079],[14.351,67.151],[14.756,67.122],[14.514,67.177],[14.574,67.195],[14.928,67.206],[14.891,67.146],[14.988,67.089],[14.931,67.146],[15.016,67.201],[15.252,67.186],[15.496,67.065],[15.382,67.201],[15.74,67.172],[15.064,67.248],[15.152,67.309],[14.669,67.207],[14.362,67.234],[14.627,67.418],[14.927,67.423],[14.727,67.493],[15.036,67.571],[15.157,67.535],[14.936,67.47],[15.442,67.472],[15.64,67.266],[15.702,67.305],[15.517,67.426],[15.541,67.477],[15.899,67.559],[15.252,67.523],[15.177,67.615],[15.299,67.717],[15.835,67.69],[15.379,67.797],[14.762,67.643],[14.788,67.723],[15.036,67.74],[14.758,67.805],[15.104,67.85],[14.849,67.844],[14.992,67.893],[15.262,67.861],[15.709,67.947],[15.871,67.923],[15.961,68.013],[15.519,68.046],[15.402,67.987],[15.283,68.036],[15.487,68.131],[15.727,68.141],[15.741,68.094],[15.644,68.046],[15.852,68.091],[15.972,68.246],[16.104,68.166],[16.092,68.068],[16.217,67.888],[16.496,67.794],[16.257,67.892],[16.207,68.002],[16.519,67.953],[16.499,68.011],[16.365,68.035],[16.461,68.095],[16.715,68.067],[16.513,68.115],[16.342,68.072],[16.308,68.12],[16.487,68.187],[16.174,68.194],[16.319,68.234],[16.103,68.277],[16.19,68.316],[16.511,68.255],[16.806,68.131],[16.219,68.345],[16.317,68.367],[16.724,68.399],[16.88,68.357],[16.834,68.318],[17.14,68.367],[17.325,68.255],[17.315,68.164],[17.355,68.174],[17.413,68.245],[17.201,68.367],[17.575,68.357],[17.367,68.411],[17.579,68.424],[17.553,68.524],[17.057,68.434],[17.004,68.446],[17.096,68.477],[16.992,68.504],[16.511,68.434],[16.459,68.508],[16.633,68.536],[16.56,68.581],[16.62,68.637],[16.965,68.701],[17.68,68.654],[17.236,68.755],[17.457,68.81],[17.793,68.757],[17.47,68.83],[17.841,68.879],[17.719,68.929],[17.426,68.905],[17.637,69.106],[18.152,69.152],[17.989,69.232],[17.996,69.28],[18.257,69.486],[18.679,69.26],[18.667,69.311],[18.771,69.325],[19.007,69.283],[18.454,69.449],[18.472,69.514],[18.856,69.55],[19.012,69.395],[19.381,69.313],[19.172,69.249],[19.441,69.226],[19.418,69.349],[19.124,69.381],[18.996,69.461],[19.091,69.534],[19.261,69.521],[19.227,69.564],[19.014,69.532],[18.944,69.613],[19.247,69.772],[19.759,69.81],[19.677,69.674],[19.714,69.603],[19.529,69.399],[19.679,69.429],[19.828,69.714],[20.282,69.974],[20.425,69.869],[20.281,69.476],[19.918,69.26],[20.307,69.416],[20.47,69.576],[20.853,69.489],[20.481,69.639],[20.566,69.761],[21.09,69.945],[20.894,69.849],[21.045,69.786],[21.307,70.02],[21.555,69.983],[21.585,69.92],[21.891,69.828],[21.982,69.738],[22.102,69.741],[21.797,70.034],[22.097,70.113],[21.735,70.056],[21.204,70.202],[21.516,70.304],[21.73,70.237],[22.004,70.321],[22.299,70.284],[22.279,70.181],[22.55,70.119],[22.328,70.171],[22.399,70.255],[22.964,70.203],[22.821,70.111],[22.288,70.039],[22.879,70.104],[23.312,69.941],[23.537,70.017],[23.176,70.089],[23.344,70.115],[23.331,70.22],[23.531,70.241],[23.409,70.274],[23.66,70.42],[23.979,70.509],[24.356,70.454],[24.155,70.568],[24.363,70.689],[24.729,70.622],[24.562,70.739],[24.246,70.777],[24.256,70.831],[24.385,70.866],[24.635,70.776],[24.575,70.935],[24.66,70.972],[24.879,70.907],[25.019,70.969],[25.278,70.803],[25.391,70.871],[25.358,70.969],[25.927,70.863],[25.081,70.506],[25.259,70.489],[25.275,70.405],[25.083,70.355],[25.134,70.279],[24.98,70.223],[24.943,70.141],[25.003,70.06],[25.092,70.147],[25.112,70.077],[25.265,70.102],[25.529,70.282],[25.45,70.349],[26.57,70.939],[26.726,70.921],[26.69,70.736],[26.343,70.64],[26.653,70.639],[26.505,70.363],[26.798,70.477],[27.029,70.474],[26.975,70.568],[27.058,70.611],[27.268,70.579],[27.146,70.623],[27.084,70.7],[27.133,70.738],[27.255,70.749],[27.319,70.824],[27.566,70.805],[27.46,70.876],[27.163,70.899],[27.136,70.958],[27.258,71.029],[27.476,71.004],[27.652,71.113],[27.87,71.032],[28.208,71.08],[28.551,70.968],[28.252,70.787],[27.772,70.789],[28.132,70.731],[27.648,70.605],[28.295,70.713],[28.242,70.619],[27.852,70.479],[28.182,70.498],[28.041,70.448],[28.12,70.435],[28.336,70.506],[28.154,70.369],[28.186,70.159],[28.039,70.062],[28.232,70.166],[28.224,70.389],[28.527,70.727],[28.854,70.881],[29.254,70.842],[29.347,70.664],[29.782,70.732],[29.689,70.614],[30.102,70.709],[30.349,70.596],[30.002,70.535],[30.584,70.541],[30.826,70.432],[30.944,70.45],[31.078,70.289],[30.523,70.241],[30.344,70.122],[30.094,70.069],[28.595,70.164],[28.754,70.162],[28.628,70.105],[29.672,69.968],[29.366,69.855],[29.737,69.905],[29.771,69.832],[29.487,69.656],[29.948,69.754],[30.189,69.687],[30.129,69.762],[30.19,69.764],[30.167,69.874],[30.294,69.881],[30.418,69.768],[30.412,69.69],[30.337,69.668],[30.449,69.683],[30.468,69.814],[30.855,69.792],[30.943,69.691],[30.937,69.566],[30.797,69.53],[30.084,69.656],[30.185,69.583],[30.098,69.503],[29.31,69.315],[29.254,69.12],[29.063,69.029],[28.782,69.15],[28.827,69.238],[29.3,69.48],[29.107,69.704],[28.38,69.827],[27.998,69.994],[27.927,70.087],[27.599,70.072],[27.069,69.909],[26.471,69.935],[25.978,69.702],[25.713,69.255],[25.761,68.989],[25.623,68.884],[25.214,68.817],[25.103,68.635],[24.935,68.581],[23.976,68.832],[23.83,68.83],[23.693,68.712],[23.204,68.629],[23.064,68.696],[22.398,68.711],[22.347,68.845],[21.682,69.285],[21.321,69.326],[21.032,69.213],[21.113,69.108],[21.059,69.034],[20.738,69.096],[20.097,69.042],[20.315,68.928],[20.35,68.787],[19.956,68.544],[20.211,68.482],[19.938,68.337],[18.952,68.488],[18.091,68.508],[18.046,68.409],[18.155,68.166],[17.884,67.946],[17.274,68.091],[16.727,67.899],[16.508,67.609],[16.086,67.412],[16.361,67.238],[16.406,67.163],[16.354,67.018],[16.01,66.891],[15.363,66.48],[15.468,66.284],[15.025,66.15],[14.505,66.132],[14.635,65.827],[14.501,65.586],[14.493,65.314],[13.662,64.583],[14.116,64.471],[14.155,64.186],[13.988,64.018],[13.23,64.093],[12.682,63.967],[12.139,63.584],[12.195,63.485],[11.936,63.272],[12.169,63.016],[12.029,62.892],[12.089,62.749],[12.047,62.59],[12.296,62.262],[12.124,61.729],[12.856,61.362],[12.638,61.058],[12.21,61.002],[12.603,60.443],[12.462,60.064],[12.14,59.888],[11.816,59.846],[11.903,59.708],[11.666,59.595],[11.798,59.245],[11.621,58.905],[11.432,58.889],[11.356,59.107],[10.9,59.142],[10.765,59.22],[10.659,59.364],[10.691,59.479],[10.558,59.729],[10.64,59.857],[10.739,59.804],[10.748,59.887],[10.683,59.903],[10.472,59.843],[10.611,59.601],[10.513,59.525],[10.422,59.524],[10.381,59.699],[10.222,59.727],[10.375,59.662],[10.398,59.591],[10.371,59.523],[10.237,59.548],[10.475,59.424],[10.516,59.311],[10.456,59.242],[10.364,59.265],[10.231,59.039],[9.877,58.955],[9.541,59.115],[9.693,58.983],[9.191,58.658],[8.713,58.442],[8.51,58.27],[8.248,58.202],[8.211,58.116],[7.528,58.008],[7.151,58.048],[7.014,57.988],[6.782,58.111],[6.598,58.07],[6.587,58.154],[6.767,58.238],[6.348,58.271],[6.012,58.38],[5.957,58.472],[5.626,58.556],[5.458,58.744],[5.543,58.875],[5.553,59.033],[5.744,58.928],[5.857,58.962],[6.169,58.832],[6.23,58.838],[6.057,58.891],[6.116,58.957],[6.623,59.052],[6.155,58.994],[6.035,58.899],[5.866,59.072],[6.168,59.255],[6.465,59.318],[6.124,59.258],[5.996,59.33],[6.236,59.505],[6.469,59.555],[6.258,59.582],[6.153,59.455],[5.934,59.35],[5.89,59.444],[6.151,59.477],[5.808,59.469],[5.66,59.401],[5.789,59.429],[5.857,59.346],[5.687,59.309],[5.575,59.38],[5.511,59.275],[5.287,59.347],[5.178,59.508],[5.482,59.729],[5.46,59.519],[5.562,59.675],[6.067,59.744],[6.306,59.843],[5.987,59.753],[5.698,59.833],[5.735,59.909],[5.973,59.959],[5.954,60.003],[6.108,60.106],[6.075,60.191],[6.205,60.296],[6.504,60.426],[6.641,60.41],[6.532,60.259],[6.521,60.077],[6.655,60.375],[6.801,60.47],[7.108,60.494],[6.979,60.506],[7.002,60.588],[6.655,60.429],[6.221,60.412],[6.13,60.24],[5.982,60.236],[5.879,60.042],[5.747,59.987],[5.646,60.147],[5.544,60.151],[5.734,60.387],[5.625,60.358],[5.411,60.13],[5.223,60.204],[5.314,60.259],[5.168,60.277],[5.142,60.346],[5.293,60.525],[5.494,60.419],[5.702,60.454],[5.701,60.694],[5.628,60.713],[5.261,60.553],[5.094,60.646],[5.228,60.618],[5.131,60.715],[4.929,60.799],[5.434,60.627],[5.406,60.702],[5.236,60.774],[5.534,60.872],[5.064,60.831],[4.984,60.947],[5.008,61.037],[5.419,61.026],[5.921,61.123],[6.372,61.062],[6.591,61.151],[6.954,61.083],[7.128,60.927],[7.114,60.86],[7.168,60.944],[7.072,60.975],[7.001,61.096],[7.429,61.181],[7.304,61.294],[7.574,61.479],[7.309,61.362],[7.273,61.279],[7.354,61.19],[7.278,61.159],[6.956,61.11],[6.564,61.218],[6.704,61.401],[6.52,61.246],[6.498,61.13],[5.749,61.153],[5.397,61.069],[5.05,61.159],[5.246,61.18],[4.953,61.259],[5.415,61.371],[5.634,61.361],[5.041,61.318],[4.949,61.413],[5.805,61.453],[5.705,61.495],[5.452,61.451],[5.131,61.527],[5.274,61.558],[5.149,61.593],[5.337,61.593]]],[[[25.828,71.099],[26.028,71.114],[25.924,71.051],[25.94,71.001],[26.22,71.034],[25.585,70.922],[25.417,70.982],[25.56,71.012],[25.286,71.021],[25.321,71.074],[25.785,71.155],[25.828,71.099]]]]}},{"type":"Feature","properties":{"ISO2":"PL","NAME":"Poland"},"geometry":{"type":"Polygon","coordinates":[[[18.851,49.517],[18.812,49.672],[18.634,49.738],[18.577,49.914],[18.053,50.056],[17.883,49.977],[17.658,50.108],[17.599,50.162],[17.762,50.206],[17.723,50.32],[17.433,50.27],[16.89,50.439],[17.002,50.217],[16.642,50.108],[16.441,50.317],[16.206,50.424],[16.448,50.573],[16.342,50.661],[16.024,50.63],[15.787,50.744],[15.38,50.779],[15.295,50.954],[15.177,51.015],[15.011,50.984],[15.005,50.867],[14.828,50.866],[15.039,51.272],[14.954,51.47],[14.736,51.528],[14.755,51.67],[14.599,51.819],[14.761,52.07],[14.711,52.244],[14.582,52.286],[14.534,52.395],[14.641,52.57],[14.149,52.863],[14.149,52.963],[14.342,53.045],[14.392,53.144],[14.413,53.339],[14.276,53.699],[14.525,53.661],[14.614,53.816],[14.412,53.867],[14.337,53.805],[14.219,53.869],[14.226,53.929],[14.383,53.913],[15.311,54.149],[16.175,54.259],[16.216,54.297],[16.141,54.287],[16.328,54.345],[16.295,54.368],[16.544,54.545],[16.915,54.598],[17.255,54.731],[18.053,54.834],[18.35,54.834],[18.775,54.666],[18.827,54.594],[18.704,54.694],[18.405,54.743],[18.554,54.58],[18.577,54.442],[18.758,54.371],[19.139,54.347],[19.651,54.456],[19.234,54.337],[19.256,54.277],[19.371,54.269],[19.797,54.438],[21.412,54.326],[22.63,54.349],[22.856,54.409],[23.456,54.176],[23.621,53.605],[23.933,53.014],[23.941,52.732],[23.397,52.514],[23.165,52.282],[23.639,52.079],[23.539,51.593],[23.659,51.479],[23.732,51.215],[23.966,50.949],[24.144,50.849],[23.957,50.815],[24.108,50.626],[23.999,50.412],[23.704,50.378],[22.676,49.566],[22.76,49.295],[22.7,49.166],[22.876,49.09],[22.886,49.003],[22.038,49.211],[21.957,49.341],[21.619,49.436],[21.076,49.424],[20.916,49.296],[20.741,49.389],[20.361,49.393],[20.144,49.315],[20.074,49.175],[19.975,49.227],[19.771,49.206],[19.827,49.278],[19.79,49.407],[19.659,49.407],[19.476,49.6],[19.27,49.528],[19.164,49.401],[18.978,49.397],[18.969,49.482],[18.851,49.517]]]}},{"type":"Feature","properties":{"ISO2":"PT","NAME":"Portugal"},"geometry":{"type":"Polygon","coordinates":[[[-8.205,41.875],[-8.088,41.809],[-7.692,41.905],[-7.608,41.831],[-7.427,41.822],[-7.201,41.884],[-7.14,41.994],[-6.594,41.954],[-6.528,41.839],[-6.539,41.679],[-6.304,41.663],[-6.187,41.58],[-6.438,41.319],[-6.644,41.245],[-6.78,41.064],[-6.932,41.018],[-6.804,40.874],[-6.796,40.524],[-6.862,40.272],[-7.027,40.188],[-6.871,40.022],[-7.017,39.675],[-7.532,39.669],[-7.371,39.491],[-7.243,39.213],[-7.143,39.111],[-7.005,39.107],[-6.955,39.026],[-7.267,38.703],[-7.321,38.449],[-7.088,38.174],[-6.934,38.209],[-7.007,38.028],[-7.254,37.987],[-7.278,37.871],[-7.524,37.552],[-7.414,37.186],[-7.898,37.009],[-8.175,37.092],[-8.659,37.109],[-8.984,37.02],[-8.796,37.443],[-8.842,38.009],[-8.779,38.181],[-8.803,38.374],[-8.673,38.414],[-8.769,38.517],[-9.184,38.42],[-9.204,38.593],[-9.279,38.669],[-9.074,38.631],[-8.92,38.766],[-8.984,38.948],[-9.12,38.714],[-9.43,38.692],[-9.495,38.785],[-9.337,39.234],[-9.357,39.365],[-9.086,39.615],[-8.863,40.131],[-8.881,40.243],[-8.777,40.562],[-8.661,40.687],[-8.678,40.776],[-8.735,40.68],[-8.646,41.019],[-8.879,41.844],[-8.64,42.045],[-8.201,42.153],[-8.08,42.054],[-8.205,41.875]]]}},{"type":"Feature","properties":{"ISO2":"RO","NAME":"Romania"},"geometry":{"type":"Polygon","coordinates":[[[20.727,46.176],[20.82,46.275],[21.059,46.239],[21.177,46.296],[21.327,46.62],[21.527,46.719],[21.52,46.815],[21.696,47.001],[21.651,47.03],[21.791,47.12],[21.922,47.354],[22.008,47.378],[22.015,47.514],[22.186,47.599],[22.271,47.724],[22.454,47.796],[22.654,47.776],[22.895,47.955],[23.084,48.011],[23.148,48.104],[23.481,47.977],[24.244,47.904],[24.556,47.953],[24.919,47.712],[25.11,47.755],[25.326,47.915],[26.15,47.982],[26.315,48.186],[26.704,48.264],[27.001,48.156],[27.159,47.986],[27.299,47.659],[27.798,47.152],[28.082,46.981],[28.234,46.667],[28.252,46.436],[28.091,46.076],[28.167,45.67],[28.069,45.583],[28.343,45.316],[28.695,45.22],[29.226,45.427],[29.518,45.409],[29.655,45.328],[29.66,45.113],[29.613,44.852],[29.549,44.82],[29.067,44.823],[29.039,44.921],[29.112,44.969],[29.047,45.003],[28.868,44.943],[28.95,44.821],[28.779,44.657],[28.9,44.711],[28.995,44.681],[28.756,44.618],[28.758,44.52],[28.928,44.617],[28.635,44.312],[28.66,43.976],[28.583,43.748],[28.047,43.832],[27.919,44.006],[27.736,43.96],[27.656,44.042],[27.4,44.022],[27.273,44.132],[27.036,44.147],[26.144,43.986],[25.772,43.706],[25.416,43.625],[24.506,43.762],[24.18,43.685],[23.418,43.856],[23.064,43.802],[22.841,43.888],[23.037,44.084],[22.686,44.219],[22.687,44.278],[22.567,44.308],[22.462,44.453],[22.59,44.549],[22.754,44.54],[22.714,44.605],[22.436,44.714],[22.129,44.481],[21.994,44.636],[21.649,44.658],[21.588,44.763],[21.394,44.786],[21.366,44.864],[21.559,44.896],[21.367,45.008],[21.514,45.151],[21.049,45.316],[20.808,45.479],[20.801,45.764],[20.713,45.744],[20.261,46.115],[20.727,46.176]]]}},{"type":"Feature","properties":{"ISO2":"RS","NAME":"Serbia"},"geometry":{"type":"Polygon","coordinates":[[[20.071,42.561],[20.107,42.654],[19.98,42.722],[20.232,42.761],[20.383,42.836],[20.349,42.886],[19.97,43.091],[19.648,43.182],[19.229,43.513],[19.481,43.571],[19.511,43.68],[19.237,44.011],[19.525,43.959],[19.62,44.048],[19.104,44.356],[19.123,44.515],[19.314,44.705],[19.371,44.889],[19.177,44.924],[19.04,44.861],[19.004,44.904],[19.116,45.032],[19.164,45.212],[19.411,45.175],[19.424,45.226],[18.98,45.379],[19.0,45.491],[19.1,45.516],[18.902,45.57],[18.959,45.779],[18.817,45.913],[19.096,46.024],[19.286,45.989],[19.571,46.174],[20.201,46.151],[20.378,45.978],[20.592,45.894],[20.713,45.744],[20.796,45.769],[20.808,45.479],[21.049,45.316],[21.514,45.151],[21.367,45.008],[21.559,44.896],[21.362,44.823],[21.588,44.763],[21.64,44.661],[21.994,44.636],[22.146,44.479],[22.436,44.714],[22.717,44.602],[22.754,44.54],[22.59,44.549],[22.46,44.482],[22.55,44.323],[22.692,44.264],[22.615,44.117],[22.417,44.007],[22.367,43.827],[22.543,43.472],[22.767,43.386],[23.005,43.193],[22.746,42.894],[22.442,42.822],[22.447,42.599],[22.559,42.487],[22.459,42.363],[22.083,42.301],[21.85,42.331],[21.721,42.233],[21.467,42.266],[21.305,42.148],[21.117,42.202],[20.793,42.082],[20.713,41.857],[20.59,41.882],[20.623,41.967],[20.524,42.214],[20.245,42.329],[20.169,42.507],[20.071,42.561]]]}},{"type":"Feature","properties":{"ISO2":"RU","NAME":"Russia (European)"},"geometry":{"type":"MultiPolygon","coordinates":[[[[21.363,55.287],[22.062,55.027],[22.602,55.047],[22.644,54.964],[22.842,54.897],[22.868,54.811],[22.721,54.695],[22.694,54.523],[22.786,54.364],[21.412,54.326],[19.797,54.438],[19.997,54.573],[20.405,54.679],[20.091,54.651],[20.004,54.72],[19.961,54.634],[19.873,54.641],[19.959,54.764],[19.92,54.876],[19.969,54.957],[20.418,54.946],[20.692,55.074],[20.943,55.287],[20.985,55.277],[20.838,55.145],[20.528,54.967],[21.09,54.895],[21.242,54.944],[21.191,55.149],[21.363,55.287]]],[[[37.023,63.9],[47.868,50.334],[47.884,50.29],[47.62,50.46],[47.491,50.421],[47.317,50.294],[47.281,50.182],[47.357,50.09],[47.302,50.032],[46.929,49.864],[46.796,49.34],[47.026,49.236],[47.063,49.143],[46.954,49.013],[46.779,48.937],[46.499,48.417],[47.123,48.272],[47.137,47.822],[47.383,47.689],[47.436,47.844],[47.691,47.766],[48.065,47.78],[48.204,47.705],[48.569,47.373],[48.721,47.098],[49.027,46.776],[48.941,46.704],[48.765,46.691],[48.691,46.768],[48.539,46.752],[48.494,46.667],[48.561,46.565],[48.918,46.489],[49.306,46.263],[49.154,46.287],[48.911,46.131],[48.667,46.117],[48.628,46.083],[48.727,46.02],[48.762,45.855],[48.713,45.83],[48.566,45.966],[48.224,45.744],[47.852,45.717],[47.831,45.656],[47.552,45.769],[47.625,45.709],[47.637,45.553],[47.491,45.724],[47.38,45.745],[47.569,45.557],[47.503,45.557],[47.491,45.422],[47.076,44.783],[47.033,44.83],[46.772,44.692],[46.68,44.523],[46.76,44.392],[47.041,44.346],[47.35,44.027],[47.502,43.769],[47.364,43.616],[47.407,43.501],[47.462,43.528],[47.539,43.86],[47.698,43.869],[47.487,43.456],[47.492,43.332],[47.588,43.297],[47.483,43.208],[47.462,43.019],[47.697,42.866],[47.738,42.634],[47.859,42.594],[48.118,42.326],[48.387,41.926],[48.584,41.836],[48.4,41.589],[48.066,41.46],[47.908,41.291],[47.911,41.22],[47.572,41.211],[47.286,41.312],[47.161,41.561],[46.779,41.789],[46.761,41.864],[46.64,41.816],[45.663,42.195],[45.757,42.482],[45.553,42.55],[45.352,42.529],[45.159,42.706],[44.901,42.763],[44.808,42.665],[44.55,42.759],[43.912,42.583],[43.736,42.639],[43.827,42.751],[43.201,42.936],[42.85,43.179],[42.626,43.143],[42.415,43.239],[42.031,43.187],[41.605,43.22],[41.193,43.385],[41.038,43.377],[40.696,43.543],[40.543,43.509],[40.253,43.583],[40.09,43.558],[40.003,43.379],[39.946,43.397],[38.76,44.27],[38.181,44.397],[37.788,44.725],[37.796,44.632],[37.488,44.669],[37.2,44.982],[36.622,45.129],[36.584,45.202],[36.961,45.275],[36.78,45.385],[36.663,45.331],[36.831,45.437],[37.094,45.341],[37.077,45.236],[37.319,45.272],[37.204,45.324],[37.519,45.363],[37.734,45.297],[37.699,45.561],[37.622,45.572],[37.646,45.449],[37.584,45.426],[37.591,45.627],[37.624,45.667],[37.704,45.619],[37.663,45.669],[37.84,45.767],[37.94,46.026],[38.094,46.054],[38.096,45.945],[38.226,46.136],[38.446,46.027],[38.563,46.034],[38.565,46.105],[38.296,46.217],[38.091,46.388],[37.98,46.396],[37.997,46.344],[37.904,46.402],[37.733,46.665],[38.016,46.619],[38.268,46.726],[38.388,46.653],[38.577,46.65],[38.492,46.737],[38.377,46.709],[38.411,46.828],[38.777,46.882],[39.079,47.029],[39.277,47.012],[39.247,47.265],[39.067,47.278],[38.811,47.162],[38.479,47.13],[38.558,47.215],[38.769,47.253],[38.605,47.24],[38.45,47.134],[38.236,47.109],[38.214,47.19],[38.301,47.301],[38.223,47.34],[38.339,47.601],[38.755,47.686],[38.854,47.861],[39.796,47.857],[39.776,48.026],[39.999,48.297],[39.851,48.557],[39.657,48.617],[39.804,48.818],[40.017,48.807],[40.077,48.875],[39.778,48.9],[39.697,49.011],[39.939,49.055],[40.167,49.249],[40.174,49.35],[40.053,49.478],[40.14,49.601],[39.797,49.553],[39.64,49.616],[39.581,49.731],[39.274,49.752],[39.193,49.878],[38.945,49.807],[38.652,49.959],[38.376,49.987],[38.308,50.074],[38.184,50.066],[38.024,49.903],[37.925,50.025],[37.733,50.088],[37.459,50.44],[36.884,50.336],[36.64,50.212],[36.42,50.314],[36.297,50.284],[36.139,50.425],[35.607,50.369],[35.458,50.488],[35.393,50.634],[35.486,50.679],[35.306,50.96],[35.372,51.041],[35.171,51.055],[35.074,51.221],[34.735,51.172],[34.382,51.264],[34.239,51.428],[34.232,51.55],[34.098,51.654],[34.419,51.724],[34.425,51.799],[34.129,51.986],[34.069,52.191],[33.831,52.365],[33.513,52.327],[33.205,52.38],[32.924,52.247],[32.394,52.335],[32.336,52.157],[32.225,52.079],[32.112,52.043],[31.784,52.108],[31.587,52.319],[31.63,52.371],[31.591,52.59],[31.5,52.69],[31.595,52.738],[31.581,52.803],[31.267,53.025],[31.439,53.212],[31.769,53.196],[31.801,53.126],[31.918,53.098],[32.223,53.106],[32.724,53.36],[32.741,53.463],[32.444,53.572],[32.415,53.646],[32.511,53.684],[32.452,53.726],[32.12,53.82],[31.764,53.803],[31.857,53.97],[31.844,54.064],[31.332,54.237],[31.232,54.457],[31.084,54.499],[31.145,54.582],[31.103,54.646],[30.781,54.794],[30.839,54.922],[31.03,55.043],[30.814,55.293],[30.939,55.399],[30.919,55.608],[30.757,55.597],[30.49,55.8],[30.246,55.854],[29.928,55.852],[29.494,55.689],[29.359,55.789],[29.464,55.911],[29.412,55.958],[29.059,56.033],[28.833,55.942],[28.731,55.962],[28.646,56.094],[28.312,56.05],[28.185,56.135],[28.233,56.289],[27.944,56.723],[27.939,56.824],[27.702,56.915],[27.861,57.302],[27.527,57.439],[27.547,57.536],[27.362,57.547],[27.401,57.678],[27.546,57.818],[27.823,57.87],[27.687,57.965],[27.673,58.079],[27.474,58.214],[27.542,58.414],[27.422,58.788],[27.788,59.059],[27.913,59.272],[28.17,59.31],[28.194,59.376],[28.016,59.479],[28.07,59.561],[28.009,59.759],[28.096,59.795],[28.223,59.686],[28.374,59.661],[28.501,59.857],[28.839,59.785],[29.187,60.007],[30.156,59.864],[30.247,59.967],[29.948,60.025],[29.824,60.168],[29.032,60.184],[28.602,60.384],[28.441,60.559],[28.702,60.455],[28.663,60.582],[28.553,60.604],[28.683,60.614],[28.733,60.681],[28.687,60.736],[28.147,60.529],[27.808,60.546],[28.813,61.103],[29.214,61.253],[31.26,62.508],[31.589,62.914],[31.22,63.223],[30.482,63.479],[29.993,63.744],[30.256,63.818],[30.595,64.047],[30.578,64.221],[30.054,64.405],[30.087,64.483],[29.975,64.581],[30.199,64.65],[30.141,64.774],[29.805,64.794],[29.637,64.928],[29.629,65.063],[29.874,65.121],[29.854,65.216],[29.596,65.249],[29.747,65.342],[29.738,65.481],[29.834,65.588],[29.819,65.653],[30.124,65.665],[30.134,65.719],[29.91,66.127],[29.639,66.322],[29.359,66.673],[29.075,66.896],[29.157,67.031],[29.933,67.514],[30.029,67.695],[29.692,67.815],[29.357,68.082],[28.697,68.193],[28.457,68.532],[28.821,68.844],[28.447,68.915],[29.13,69.048],[29.254,69.12],[29.31,69.315],[30.098,69.503],[30.185,69.583],[30.073,69.631],[30.103,69.663],[30.529,69.546],[30.864,69.537],[30.951,69.614],[30.855,69.792],[31.795,69.682],[31.692,69.732],[31.729,69.839],[32.103,69.791],[31.911,69.931],[32.036,69.962],[32.506,69.797],[33.13,69.726],[33.094,69.636],[32.895,69.583],[32.11,69.676],[32.026,69.637],[32.499,69.511],[32.2,69.424],[32.488,69.49],[33.029,69.472],[32.81,69.296],[32.972,69.389],[33.522,69.422],[33.471,69.35],[33.237,69.273],[33.474,69.275],[33.532,69.19],[33.038,69.068],[33.023,68.953],[33.075,69.059],[33.446,69.106],[33.641,69.326],[34.352,69.318],[35.158,69.18],[35.266,69.219],[35.155,69.274],[35.837,69.199],[37.773,68.676],[38.322,68.441],[38.433,68.339],[38.609,68.327],[38.503,68.362],[38.622,68.384],[39.52,68.071],[39.864,68.044],[39.708,68.162],[39.786,68.162],[40.139,67.953],[40.368,67.898],[40.41,67.855],[40.32,67.84],[40.464,67.755],[40.939,67.733],[41.048,67.662],[41.036,67.468],[41.153,67.414],[41.112,67.246],[41.327,67.227],[41.391,67.123],[41.156,66.794],[40.566,66.454],[40.073,66.278],[38.608,66.052],[37.91,66.087],[37.016,66.269],[35.518,66.386],[34.846,66.605],[34.47,66.534],[34.355,66.611],[34.439,66.647],[33.856,66.692],[33.599,66.823],[33.517,66.809],[33.628,66.746],[33.527,66.719],[33.188,66.815],[32.668,67.119],[31.855,67.154],[32.254,67.125],[32.555,66.996],[32.518,66.882],[32.935,66.739],[32.808,66.716],[33.326,66.642],[32.872,66.579],[33.248,66.617],[33.534,66.529],[33.194,66.564],[32.946,66.52],[33.601,66.491],[33.732,66.424],[33.313,66.316],[34.104,66.251],[34.567,66.078],[34.847,65.901],[34.964,65.718],[34.691,65.804],[34.782,65.595],[34.682,65.451],[34.488,65.448],[34.378,65.378],[34.479,65.276],[34.638,65.238],[34.775,64.969],[34.936,64.838],[34.957,64.653],[34.788,64.548],[35.325,64.327],[35.57,64.407],[35.799,64.345],[35.979,64.198],[36.11,64.231],[36.282,64.143],[36.276,64.011],[37.023,63.9]]]]}},{"type":"Feature","properties":{"ISO2":"SE","NAME":"Sweden"},"geometry":{"type":"MultiPolygon","coordinates":[[[[16.837,56.827],[16.77,56.796],[16.496,56.241],[16.421,56.211],[16.42,56.586],[16.612,56.868],[16.848,57.064],[16.973,57.305],[17.106,57.348],[16.837,56.827]]],[[[18.206,56.912],[18.14,56.915],[18.254,57.079],[18.173,57.142],[18.119,57.531],[18.682,57.914],[19.005,57.909],[19.033,57.827],[18.809,57.704],[18.712,57.242],[18.397,57.134],[18.302,56.937],[18.206,56.912]]],[[[19.334,57.956],[19.163,57.927],[19.126,57.84],[19.034,57.901],[19.105,57.975],[19.334,57.956]]],[[[11.594,57.932],[11.522,57.952],[11.502,58.037],[11.736,58.042],[11.594,57.932]]],[[[16.817,58.116],[16.783,58.097],[16.779,58.101],[16.778,58.106],[16.782,58.112],[16.788,58.116],[16.801,58.123],[16.811,58.124],[16.819,58.121],[16.817,58.116]]],[[[11.806,58.121],[11.465,58.066],[11.401,58.13],[11.678,58.287],[11.81,58.224],[11.806,58.121]]],[[[19.237,58.337],[19.187,58.391],[19.331,58.366],[19.237,58.337]]],[[[17.691,58.917],[17.639,58.971],[17.676,59.055],[17.722,59.008],[17.691,58.917]]],[[[18.406,59.024],[18.357,59.035],[18.479,59.12],[18.406,59.024]]],[[[18.537,59.224],[18.389,59.285],[18.61,59.254],[18.537,59.224]]],[[[17.787,59.311],[17.606,59.417],[17.774,59.373],[17.787,59.311]]],[[[17.735,59.296],[17.817,59.278],[17.623,59.305],[17.52,59.418],[17.735,59.296]]],[[[17.266,59.374],[17.07,59.459],[17.267,59.444],[17.318,59.403],[17.266,59.374]]],[[[18.576,59.448],[18.52,59.484],[18.57,59.526],[18.747,59.545],[18.576,59.448]]],[[[18.57,60.308],[18.401,60.365],[18.374,60.5],[18.57,60.308]]],[[[17.509,62.363],[17.417,62.377],[17.367,62.472],[17.472,62.458],[17.509,62.363]]],[[[18.061,62.671],[18.039,62.736],[18.153,62.729],[18.061,62.671]]],[[[20.886,63.752],[20.838,63.773],[20.929,63.773],[20.886,63.752]]],[[[21.809,68.571],[22.064,68.476],[22.824,68.388],[23.666,67.942],[23.483,67.863],[23.508,67.666],[23.431,67.466],[23.768,67.416],[23.773,67.314],[23.606,67.259],[23.572,67.157],[24.008,66.801],[23.89,66.743],[23.879,66.557],[23.647,66.448],[23.662,66.312],[23.728,66.196],[23.931,66.136],[24.167,65.814],[23.928,65.757],[23.25,65.801],[23.081,65.699],[22.645,65.906],[22.705,65.807],[22.66,65.752],[22.479,65.851],[22.329,65.83],[22.249,65.632],[22.386,65.629],[22.406,65.535],[21.767,65.722],[22.199,65.545],[21.852,65.53],[22.03,65.462],[21.929,65.398],[21.468,65.381],[21.705,65.287],[21.655,65.244],[21.554,65.235],[21.338,65.37],[21.261,65.337],[21.417,65.306],[21.621,65.142],[21.577,65.058],[21.244,64.948],[21.183,64.83],[21.036,64.824],[21.302,64.766],[21.305,64.662],[21.112,64.691],[21.554,64.532],[21.585,64.44],[20.957,64.139],[20.778,63.869],[20.5,63.823],[20.414,63.691],[20.299,63.646],[19.899,63.609],[19.705,63.432],[19.428,63.549],[19.474,63.453],[19.289,63.459],[19.231,63.328],[19.041,63.239],[19.109,63.214],[19.067,63.179],[18.89,63.274],[18.801,63.245],[18.898,63.192],[18.722,63.207],[18.739,63.168],[18.289,62.997],[18.58,62.956],[18.209,62.779],[17.975,62.811],[17.828,62.993],[17.697,62.992],[17.835,62.933],[17.995,62.731],[17.991,62.653],[17.878,62.66],[18.048,62.601],[17.836,62.484],[17.686,62.49],[17.671,62.438],[17.422,62.537],[17.329,62.487],[17.376,62.324],[17.655,62.231],[17.509,62.229],[17.464,62.006],[17.35,61.945],[17.336,61.818],[17.524,61.702],[17.499,61.636],[17.14,61.72],[17.272,61.683],[17.099,61.603],[17.223,61.442],[17.103,61.397],[17.214,61.326],[17.151,60.945],[17.276,60.843],[17.275,60.676],[17.377,60.619],[17.609,60.632],[17.657,60.602],[17.602,60.581],[17.629,60.522],[17.731,60.492],[17.773,60.571],[17.95,60.597],[18.228,60.33],[18.432,60.344],[18.608,60.237],[18.314,60.307],[18.422,60.187],[18.816,60.096],[18.91,59.936],[19.071,59.89],[19.059,59.823],[18.936,59.87],[18.865,59.798],[19.075,59.741],[18.746,59.689],[18.646,59.581],[18.271,59.475],[18.331,59.392],[18.116,59.453],[18.057,59.391],[18.091,59.334],[17.764,59.401],[17.845,59.533],[17.717,59.663],[17.711,59.619],[17.592,59.656],[17.654,59.718],[17.594,59.807],[17.448,59.736],[17.445,59.676],[17.543,59.573],[17.513,59.706],[17.618,59.731],[17.561,59.668],[17.787,59.536],[17.731,59.443],[17.544,59.492],[17.373,59.609],[17.384,59.655],[17.344,59.623],[17.41,59.469],[16.865,59.585],[16.662,59.548],[16.552,59.611],[16.473,59.497],[16.02,59.495],[16.181,59.439],[16.67,59.473],[16.89,59.383],[16.693,59.471],[16.84,59.489],[17.311,59.349],[17.254,59.259],[17.376,59.247],[17.351,59.324],[17.847,59.264],[18.289,59.369],[18.467,59.33],[18.434,59.434],[18.65,59.319],[18.277,59.311],[18.311,59.133],[18.021,59.042],[17.895,58.859],[17.789,58.943],[17.765,59.124],[17.664,59.168],[17.578,58.951],[17.626,58.902],[17.35,58.752],[17.033,58.751],[17.143,58.695],[16.915,58.617],[16.194,58.627],[16.649,58.621],[16.939,58.484],[16.738,58.429],[16.413,58.475],[16.77,58.367],[16.825,58.199],[16.75,58.013],[16.614,57.987],[16.733,57.971],[16.771,57.884],[16.614,57.892],[16.496,57.986],[16.522,57.878],[16.701,57.74],[16.419,57.893],[16.71,57.705],[16.626,57.62],[16.693,57.469],[16.467,57.277],[16.46,57.167],[16.585,57.044],[16.493,57.039],[16.375,56.721],[16.216,56.607],[16.043,56.269],[15.866,56.092],[15.598,56.195],[15.375,56.138],[14.697,56.161],[14.767,56.03],[14.551,56.055],[14.217,55.83],[14.196,55.716],[14.373,55.538],[14.194,55.386],[13.731,55.426],[13.345,55.339],[12.982,55.401],[12.915,55.566],[13.06,55.693],[12.452,56.298],[12.813,56.233],[12.833,56.269],[12.622,56.412],[12.68,56.466],[12.901,56.457],[12.937,56.532],[12.887,56.638],[12.725,56.64],[12.579,56.83],[12.35,56.914],[12.11,57.25],[12.151,57.287],[12.095,57.427],[12.037,57.457],[11.986,57.341],[11.918,57.402],[11.913,57.614],[11.83,57.661],[11.888,57.694],[11.704,57.693],[11.723,57.807],[11.668,57.846],[11.757,57.897],[11.777,58.059],[11.886,58.212],[11.798,58.318],[11.526,58.231],[11.238,58.347],[11.201,58.399],[11.261,58.632],[11.177,58.731],[11.231,58.845],[11.107,58.95],[11.166,59.064],[11.315,59.101],[11.429,58.988],[11.432,58.889],[11.621,58.905],[11.798,59.245],[11.666,59.595],[11.903,59.708],[11.816,59.846],[12.14,59.888],[12.477,60.076],[12.606,60.48],[12.21,61.002],[12.638,61.058],[12.856,61.362],[12.124,61.729],[12.296,62.262],[12.047,62.59],[12.089,62.749],[12.029,62.892],[12.169,63.016],[11.936,63.272],[12.195,63.485],[12.139,63.584],[12.634,63.943],[12.938,64.053],[13.23,64.093],[13.988,64.018],[14.155,64.186],[14.116,64.471],[13.662,64.583],[14.493,65.314],[14.501,65.586],[14.635,65.827],[14.505,66.132],[15.025,66.15],[15.468,66.284],[15.363,66.48],[16.01,66.891],[16.354,67.018],[16.406,67.163],[16.361,67.238],[16.086,67.412],[16.508,67.609],[16.727,67.899],[17.274,68.091],[17.884,67.946],[18.155,68.166],[18.046,68.409],[18.091,68.508],[18.952,68.488],[19.948,68.341],[20.211,68.482],[19.956,68.544],[20.35,68.787],[20.315,68.928],[20.097,69.042],[20.846,69.012],[20.939,68.958],[20.895,68.894],[21.809,68.571]]]]}},{"type":"Feature","properties":{"ISO2":"SI","NAME":"Slovenia"},"geometry":{"type":"Polygon","coordinates":[[[13.719,46.527],[14.545,46.407],[14.812,46.51],[14.871,46.616],[15.868,46.723],[15.988,46.751],[15.989,46.834],[16.232,46.877],[16.349,46.844],[16.324,46.757],[16.608,46.476],[16.293,46.531],[16.266,46.419],[15.655,46.219],[15.6,46.142],[15.718,46.047],[15.698,45.844],[15.309,45.752],[15.29,45.689],[15.368,45.703],[15.277,45.463],[15.174,45.426],[14.979,45.5],[14.818,45.466],[14.601,45.675],[14.407,45.489],[13.704,45.444],[13.589,45.517],[13.919,45.637],[13.789,45.754],[13.598,45.811],[13.632,45.991],[13.48,46.011],[13.669,46.177],[13.416,46.213],[13.383,46.297],[13.689,46.447],[13.719,46.527]]]}},{"type":"Feature","properties":{"ISO2":"SK","NAME":"Slovakia"},"geometry":{"type":"Polygon","coordinates":[[[17.252,48.025],[17.117,48.039],[16.84,48.372],[17.044,48.771],[17.188,48.869],[17.404,48.823],[17.758,48.877],[18.075,49.042],[18.208,49.284],[18.379,49.33],[18.569,49.496],[18.851,49.517],[18.969,49.482],[18.978,49.397],[19.164,49.401],[19.27,49.528],[19.476,49.6],[19.659,49.407],[19.79,49.407],[19.827,49.278],[19.771,49.206],[19.975,49.227],[20.074,49.175],[20.144,49.315],[20.361,49.393],[20.741,49.389],[20.916,49.296],[21.076,49.424],[21.619,49.436],[21.957,49.341],[22.038,49.211],[22.558,49.079],[22.329,48.687],[22.159,48.58],[22.102,48.377],[21.727,48.352],[21.614,48.498],[21.443,48.575],[21.153,48.511],[20.661,48.563],[20.501,48.504],[20.3,48.259],[19.938,48.135],[19.631,48.234],[19.524,48.206],[19.472,48.087],[18.849,48.051],[18.759,47.907],[18.85,47.818],[18.655,47.759],[17.784,47.747],[17.252,48.025]]]}},{"type":"Feature","properties":{"ISO2":"TR","NAME":"Turkey"},"geometry":{"type":"MultiPolygon","coordinates":[[[[26.078,39.784],[25.975,39.83],[26.076,39.84],[26.078,39.784]]],[[[25.824,40.1],[25.664,40.126],[25.934,40.241],[26.014,40.157],[25.824,40.1]]],[[[27.607,40.572],[27.531,40.648],[27.735,40.634],[27.607,40.572]]],[[[35.097,41.962],[35.265,41.726],[35.506,41.638],[35.956,41.735],[36.051,41.692],[36.131,41.599],[36.131,41.464],[36.429,41.243],[36.648,41.359],[36.81,41.356],[37.023,41.267],[37.05,41.171],[37.526,41.03],[37.687,41.137],[37.892,40.983],[38.361,40.909],[39.421,41.109],[40.129,40.916],[41.387,41.373],[41.532,41.524],[41.833,41.428],[41.968,41.519],[42.472,41.433],[42.598,41.583],[42.84,41.579],[43.234,41.19],[43.452,41.171],[43.479,41.025],[43.672,40.928],[43.752,40.74],[43.583,40.451],[43.722,40.163],[43.657,40.109],[43.934,40.014],[44.347,40.024],[44.803,39.682],[44.813,39.631],[44.606,39.781],[44.471,39.699],[44.416,39.425],[44.034,39.385],[44.216,39.141],[44.159,39.002],[44.208,38.896],[44.303,38.834],[44.261,38.722],[44.314,38.638],[44.307,38.388],[44.484,38.346],[44.224,37.899],[44.618,37.728],[44.589,37.44],[44.815,37.305],[44.787,37.15],[44.638,37.187],[44.317,36.971],[44.193,37.1],[44.262,37.242],[44.116,37.316],[44.014,37.321],[43.904,37.222],[43.623,37.23],[43.157,37.374],[42.956,37.322],[42.791,37.385],[42.578,37.151],[42.356,37.107],[42.351,37.234],[42.181,37.291],[41.995,37.173],[41.539,37.084],[40.771,37.118],[39.826,36.756],[39.23,36.665],[38.731,36.701],[38.514,36.858],[38.244,36.914],[37.381,36.654],[37.127,36.659],[36.976,36.764],[36.66,36.834],[36.549,36.483],[36.692,36.239],[36.392,36.213],[36.378,36.0],[36.219,35.96],[36.168,35.817],[35.922,35.927],[35.977,36.01],[35.783,36.296],[36.216,36.646],[36.193,36.792],[36.022,36.926],[35.821,36.776],[35.574,36.707],[35.636,36.682],[35.616,36.597],[35.34,36.539],[34.827,36.795],[34.659,36.805],[34.267,36.574],[33.989,36.278],[33.873,36.314],[33.705,36.179],[32.934,36.097],[32.809,36.026],[32.369,36.174],[32.015,36.546],[31.344,36.804],[30.683,36.885],[30.57,36.782],[30.474,36.393],[30.511,36.34],[30.407,36.204],[30.201,36.304],[29.677,36.118],[29.142,36.353],[29.124,36.541],[29.017,36.543],[29.087,36.627],[29.052,36.681],[28.925,36.747],[28.851,36.656],[28.657,36.71],[28.454,36.881],[28.376,36.847],[28.399,36.782],[28.256,36.843],[28.276,36.729],[27.984,36.553],[27.96,36.6],[28.087,36.638],[27.966,36.686],[28.122,36.719],[28.118,36.8],[27.92,36.737],[27.727,36.756],[27.475,36.65],[27.379,36.681],[27.471,36.75],[28.026,36.823],[28.066,36.935],[28.329,37.04],[27.421,37.028],[27.258,36.962],[27.225,37.056],[27.323,37.152],[27.55,37.132],[27.595,37.232],[27.404,37.309],[27.414,37.411],[27.194,37.351],[27.268,37.956],[26.923,38.062],[26.762,38.215],[26.591,38.102],[26.276,38.264],[26.291,38.369],[26.375,38.306],[26.511,38.423],[26.384,38.45],[26.37,38.662],[26.562,38.6],[26.682,38.307],[27.163,38.447],[26.947,38.442],[26.731,38.646],[26.732,38.73],[27.064,38.874],[27.041,38.933],[26.803,38.954],[26.799,39.028],[26.885,39.073],[26.645,39.263],[26.94,39.485],[26.939,39.575],[26.069,39.475],[26.156,39.636],[26.175,39.979],[26.332,40.023],[26.433,40.192],[26.707,40.385],[27.264,40.459],[27.429,40.324],[27.772,40.313],[27.881,40.377],[27.689,40.482],[27.757,40.53],[28.026,40.486],[27.898,40.396],[27.948,40.357],[28.249,40.404],[29.054,40.366],[29.144,40.439],[28.778,40.532],[28.986,40.642],[29.506,40.732],[29.556,40.685],[29.94,40.731],[29.412,40.77],[29.129,40.914],[29.026,41.034],[29.166,41.227],[29.987,41.139],[30.285,41.208],[30.762,41.085],[31.231,41.089],[31.548,41.362],[32.158,41.607],[32.282,41.723],[33.334,42.02],[34.716,41.942],[34.958,42.093],[35.117,42.004],[35.097,41.962]]],[[[27.395,42.008],[27.572,41.907],[27.83,42.001],[28.013,41.982],[27.968,41.825],[28.193,41.542],[28.835,41.282],[29.093,41.244],[29.056,41.082],[28.83,40.956],[28.605,40.965],[28.529,41.08],[28.539,40.986],[28.213,41.08],[27.943,40.968],[27.51,40.984],[27.298,40.704],[26.682,40.454],[26.322,40.109],[26.16,40.049],[26.268,40.221],[26.214,40.326],[26.827,40.587],[26.768,40.661],[26.308,40.593],[26.07,40.619],[26.045,40.736],[26.361,40.956],[26.325,41.235],[26.635,41.359],[26.57,41.611],[26.356,41.714],[26.346,41.787],[26.542,41.828],[26.621,41.973],[26.962,42.003],[27.043,42.086],[27.282,42.102],[27.395,42.008]]]]}},{"type":"Feature","properties":{"ISO2":"UA","NAME":"Ukraine"},"geometry":{"type":"MultiPolygon","coordinates":[[[[33.04,46.011],[33.008,46.01],[32.978,46.012],[32.901,46.02],[32.759,46.036],[32.849,46.058],[32.855,46.058],[32.879,46.057],[32.965,46.049],[32.972,46.049],[33.049,46.034],[33.057,46.03],[33.059,46.027],[33.06,46.024],[33.059,46.021],[33.056,46.018],[33.048,46.014],[33.04,46.011]]],[[[34.227,46.062],[34.158,46.101],[34.229,46.188],[34.227,46.062]]],[[[32.168,46.146],[31.584,46.253],[31.501,46.367],[31.613,46.254],[32.168,46.146]]],[[[33.418,52.355],[33.839,52.361],[34.069,52.191],[34.129,51.986],[34.42,51.809],[34.419,51.724],[34.098,51.654],[34.232,51.55],[34.239,51.428],[34.382,51.264],[34.735,51.172],[35.074,51.221],[35.171,51.055],[35.372,51.041],[35.306,50.96],[35.486,50.679],[35.393,50.634],[35.458,50.488],[35.607,50.369],[36.139,50.425],[36.297,50.284],[36.42,50.314],[36.64,50.212],[36.884,50.336],[37.459,50.44],[37.733,50.088],[37.925,50.025],[38.024,49.903],[38.184,50.066],[38.308,50.074],[38.376,49.987],[38.652,49.959],[38.945,49.807],[39.193,49.878],[39.274,49.752],[39.581,49.731],[39.64,49.616],[39.797,49.553],[40.005,49.614],[40.148,49.587],[40.053,49.478],[40.174,49.35],[40.167,49.249],[39.939,49.055],[39.699,49.023],[39.767,48.904],[40.077,48.875],[40.017,48.807],[39.804,48.818],[39.657,48.617],[39.851,48.557],[39.999,48.297],[39.776,48.026],[39.82,47.966],[39.761,47.827],[38.854,47.861],[38.755,47.686],[38.339,47.601],[38.223,47.34],[38.301,47.301],[38.214,47.19],[38.236,47.109],[38.136,47.059],[37.564,47.088],[37.324,46.896],[37.205,46.929],[36.241,46.631],[35.907,46.651],[35.487,46.444],[35.174,46.136],[35.011,46.075],[35.347,46.355],[35.198,46.443],[35.12,46.299],[34.702,46.176],[34.546,45.984],[34.402,46.014],[34.441,46.094],[34.556,46.092],[34.542,46.187],[34.329,46.17],[34.156,46.282],[34.126,46.116],[33.957,46.214],[33.669,46.218],[33.779,46.119],[33.847,46.159],[33.957,46.018],[33.994,46.07],[33.941,46.094],[34.022,46.09],[34.143,45.938],[34.224,46.006],[34.178,46.037],[34.356,46.019],[34.416,45.946],[34.359,45.881],[34.503,45.876],[34.576,45.924],[34.546,45.967],[34.633,45.942],[34.461,45.767],[34.649,45.786],[34.987,45.632],[35.097,45.471],[35.012,45.419],[35.127,45.326],[35.339,45.286],[35.343,45.333],[34.667,46.094],[34.827,46.069],[35.054,45.654],[35.475,45.291],[35.863,45.404],[36.009,45.359],[36.14,45.461],[36.599,45.424],[36.632,45.339],[36.497,45.341],[36.433,45.275],[36.44,45.066],[35.857,44.986],[35.719,45.084],[35.524,45.118],[35.147,44.891],[35.088,44.793],[34.964,44.839],[34.717,44.807],[34.456,44.718],[34.335,44.546],[34.123,44.432],[33.707,44.395],[33.365,44.582],[33.554,44.624],[33.52,44.783],[33.622,44.921],[33.551,45.105],[33.394,45.186],[33.258,45.157],[32.932,45.344],[32.577,45.318],[32.481,45.396],[32.925,45.655],[33.773,45.927],[33.646,45.971],[33.598,46.157],[33.435,46.045],[33.192,46.162],[32.509,46.075],[31.788,46.285],[31.762,46.318],[32.059,46.396],[32.004,46.451],[31.658,46.471],[31.508,46.58],[32.357,46.459],[32.647,46.641],[32.332,46.556],[32.237,46.603],[32.139,46.559],[32.02,46.629],[31.935,46.766],[32.012,46.922],[31.981,47.008],[31.749,47.253],[31.87,47.088],[31.844,47.001],[31.975,46.923],[31.863,46.797],[31.907,46.649],[31.477,46.631],[31.593,46.805],[31.416,46.624],[30.833,46.548],[30.763,46.376],[30.252,45.877],[30.066,45.8],[29.97,45.842],[29.799,45.732],[29.864,45.669],[29.747,45.619],[29.634,45.821],[29.593,45.555],[29.619,45.488],[29.754,45.45],[29.731,45.225],[29.665,45.211],[29.589,45.386],[29.324,45.439],[28.849,45.302],[28.785,45.23],[28.575,45.243],[28.343,45.316],[28.215,45.461],[28.284,45.525],[28.523,45.518],[28.524,45.711],[28.762,45.847],[28.756,45.96],[28.972,46.007],[29.041,46.194],[28.95,46.289],[28.969,46.464],[29.203,46.545],[29.224,46.365],[29.478,46.492],[29.627,46.369],[29.736,46.442],[29.866,46.346],[30.132,46.41],[29.899,46.53],[29.969,46.575],[29.95,46.814],[29.574,46.946],[29.579,47.329],[29.416,47.288],[29.253,47.455],[29.184,47.443],[29.131,47.548],[29.258,47.769],[29.142,47.986],[28.99,47.934],[28.803,48.127],[28.437,48.146],[28.352,48.243],[28.089,48.231],[28.086,48.307],[27.771,48.448],[27.547,48.468],[27.245,48.369],[26.703,48.345],[26.535,48.209],[26.315,48.186],[26.15,47.982],[25.326,47.915],[25.11,47.755],[24.919,47.712],[24.556,47.953],[24.244,47.904],[23.481,47.977],[23.168,48.109],[23.084,48.011],[22.896,47.954],[22.797,48.115],[22.621,48.102],[22.504,48.247],[22.379,48.246],[22.269,48.407],[22.151,48.412],[22.159,48.58],[22.329,48.687],[22.563,49.085],[22.886,49.003],[22.876,49.09],[22.7,49.166],[22.76,49.295],[22.681,49.572],[23.304,50.101],[23.708,50.381],[23.999,50.412],[24.111,50.567],[23.953,50.803],[24.145,50.858],[23.966,50.949],[23.684,51.289],[23.693,51.405],[23.605,51.528],[23.646,51.521],[23.608,51.603],[23.651,51.637],[23.989,51.59],[24.279,51.738],[24.397,51.887],[25.179,51.96],[25.776,51.939],[26.92,51.751],[27.197,51.759],[27.279,51.598],[27.712,51.597],[27.68,51.494],[27.747,51.466],[27.851,51.62],[28.088,51.565],[28.259,51.661],[28.319,51.589],[28.627,51.566],[28.661,51.452],[28.752,51.411],[28.829,51.546],[29.118,51.637],[29.339,51.373],[29.67,51.499],[29.766,51.441],[30.176,51.492],[30.551,51.252],[30.644,51.333],[30.565,51.643],[30.665,51.827],[30.959,52.001],[30.958,52.08],[31.832,52.111],[32.124,52.044],[32.303,52.112],[32.394,52.335],[32.924,52.247],[33.205,52.38],[33.418,52.355]]]]}}]}
